Date,High,Low,Open,Close,Volume,Adj Close
2017-09-05,46900.0,45960.0,46240.0,46760.0,11716100.0,40377.58984375
2017-09-06,47180.0,46700.0,46760.0,47000.0,10811050.0,40584.82421875
2017-09-07,48220.0,47000.0,47000.0,48120.0,9676500.0,41551.9609375
2017-09-08,49180.0,48580.0,48700.0,49080.0,10893000.0,42380.92578125
2017-09-11,50180.0,49500.0,49700.0,49800.0,10374750.0,43002.64453125
2017-09-12,50220.0,49140.0,50200.0,49600.0,12029750.0,42829.94921875
2017-09-13,50400.0,49440.0,49820.0,49620.0,9357000.0,42847.21484375
2017-09-14,50320.0,49760.0,50060.0,50300.0,14204750.0,43434.40625
2017-09-15,50560.0,49860.0,50300.0,50400.0,10757300.0,43520.75
2017-09-18,52480.0,50520.0,50540.0,52480.0,11524950.0,45316.8515625
2017-09-19,52640.0,51780.0,52500.0,52120.0,9850400.0,45005.9765625
2017-09-20,52500.0,51840.0,52120.0,52220.0,9292750.0,45092.33984375
2017-09-21,52960.0,52220.0,52220.0,52800.0,8839800.0,45593.16796875
2017-09-25,53680.0,53000.0,53000.0,53620.0,9303100.0,46301.24609375
2017-09-26,53620.0,53620.0,53620.0,53620.0,0.0,46301.24609375
2017-09-27,52200.0,51500.0,52000.0,51680.0,10797000.0,44626.03515625
2017-09-28,52460.0,51260.0,52260.0,51260.0,12025450.0,44383.59765625
2017-09-29,51620.0,50840.0,51180.0,51280.0,12909400.0,44400.91796875
2017-10-10,53640.0,52800.0,53360.0,52800.0,20519800.0,45717.01171875
2017-10-11,54760.0,53340.0,53600.0,54640.0,13652150.0,47310.1875
2017-10-12,55160.0,54100.0,54840.0,54800.0,13890700.0,47448.71875
2017-10-13,54840.0,53780.0,54540.0,54000.0,12601650.0,46756.04296875
2017-10-16,54860.0,53760.0,53980.0,53920.0,9769950.0,46686.76171875
2017-10-17,55380.0,54000.0,54020.0,54800.0,10607800.0,47448.71875
2017-10-18,55240.0,54040.0,54820.0,54760.0,10110750.0,47414.08203125
2017-10-19,54700.0,52980.0,54700.0,52980.0,12108700.0,45872.86328125
2017-10-20,54100.0,52800.0,52800.0,53840.0,8027050.0,46617.50390625
2017-10-23,54640.0,54000.0,54600.0,54300.0,8311050.0,47015.796875
2017-10-24,54780.0,54040.0,54700.0,54040.0,5806050.0,46790.671875
2017-10-25,54420.0,53700.0,54040.0,53900.0,5882850.0,46669.453125
2017-10-26,53900.0,52400.0,53720.0,52400.0,9776550.0,45370.67578125
2017-10-27,53320.0,52140.0,52400.0,53080.0,7392500.0,45959.45703125
2017-10-30,54320.0,53700.0,53780.0,54040.0,8196150.0,46790.671875
2017-10-31,55440.0,53500.0,54060.0,55080.0,13381550.0,47691.16015625
2017-11-01,57500.0,56180.0,57500.0,57220.0,14510250.0,49544.078125
2017-11-02,57520.0,56760.0,57500.0,57060.0,10721050.0,49405.54296875
2017-11-03,57140.0,55860.0,57060.0,56380.0,9935800.0,48816.765625
2017-11-06,56500.0,55340.0,56380.0,56380.0,9000950.0,48816.765625
2017-11-07,56920.0,55860.0,56380.0,56100.0,7464550.0,48574.3359375
2017-11-08,57060.0,55860.0,56100.0,56760.0,8520200.0,49145.79296875
2017-11-09,56920.0,55900.0,56920.0,56340.0,11994050.0,48782.1328125
2017-11-10,56540.0,55780.0,55800.0,56400.0,6748800.0,48834.0859375
2017-11-13,56800.0,56100.0,56400.0,56380.0,8806650.0,48816.765625
2017-11-14,56740.0,55920.0,56380.0,55920.0,6725000.0,48418.4765625
2017-11-15,56320.0,55320.0,55920.0,55340.0,8816950.0,47916.2734375
2017-11-16,56000.0,55400.0,55440.0,55780.0,7640700.0,48297.265625
2017-11-17,56880.0,55820.0,56400.0,55820.0,10733150.0,48331.890625
2017-11-20,55980.0,55200.0,55900.0,55200.0,9472750.0,47795.0625
2017-11-21,55840.0,55280.0,55400.0,55280.0,10324700.0,47864.32421875
2017-11-22,56200.0,55620.0,55980.0,55960.0,7952950.0,48453.109375
2017-11-23,55980.0,55020.0,55960.0,55300.0,6272900.0,47881.6484375
2017-11-24,55500.0,55180.0,55300.0,55460.0,4536200.0,48020.18359375
2017-11-27,55360.0,52640.0,55360.0,52640.0,18128900.0,45578.4765625
2017-11-28,53280.0,51720.0,52700.0,53280.0,13499400.0,46132.625
2017-11-29,53240.0,52500.0,53200.0,52600.0,9590250.0,45543.84765625
2017-11-30,51860.0,50200.0,50800.0,50800.0,29634150.0,43985.31640625
2017-12-01,51780.0,50800.0,50800.0,50840.0,12868600.0,44019.94921875
2017-12-04,51340.0,50020.0,50840.0,51340.0,14865050.0,44452.875
2017-12-05,51300.0,50280.0,50600.0,51260.0,9326550.0,44383.59765625
2017-12-06,51560.0,50020.0,51260.0,50020.0,10889200.0,43309.9453125
2017-12-07,50980.0,50020.0,50040.0,50740.0,11065600.0,43933.359375
2017-12-08,52000.0,51040.0,51360.0,52000.0,11290450.0,45024.33203125
2017-12-11,52040.0,51500.0,52000.0,51780.0,8125850.0,44833.84375
2017-12-12,52100.0,51660.0,51820.0,52100.0,8765050.0,45110.9140625
2017-12-13,52100.0,51100.0,52100.0,51320.0,11333700.0,44435.5546875
2017-12-14,52280.0,51060.0,51320.0,51060.0,20310400.0,44210.42578125
2017-12-15,51480.0,50520.0,51240.0,50620.0,14928550.0,43829.45703125
2017-12-18,51240.0,50620.0,50620.0,51200.0,7350250.0,44331.64453125
2017-12-19,52080.0,51520.0,51540.0,51560.0,11978600.0,44643.359375
2017-12-21,51060.0,49100.0,51000.0,49140.0,15624300.0,42547.9921875
2017-12-22,49960.0,49240.0,49400.0,49700.0,11199650.0,43032.8671875
2017-12-26,50100.0,48200.0,49760.0,48200.0,16039850.0,41734.09765625
2017-12-27,49560.0,48460.0,48960.0,49360.0,10743600.0,43123.1953125
2017-12-28,50960.0,49500.0,49560.0,50960.0,8985450.0,44521.02734375
2018-01-02,51400.0,50780.0,51380.0,51020.0,8474250.0,44573.4453125
2018-01-03,52560.0,51420.0,52540.0,51620.0,10013500.0,45097.63671875
2018-01-04,52180.0,50640.0,52120.0,51080.0,11695450.0,44625.85546875
2018-01-05,52120.0,51200.0,51300.0,52120.0,9481150.0,45534.44921875
2018-01-08,52520.0,51500.0,52400.0,52020.0,8383650.0,45447.08984375
2018-01-09,51720.0,49980.0,51460.0,50400.0,18013600.0,44031.78515625
2018-01-10,50520.0,48640.0,50500.0,48840.0,18566800.0,42668.89453125
2018-01-11,49260.0,48020.0,48200.0,48240.0,25123800.0,42144.703125
2018-01-12,48480.0,46760.0,48240.0,48200.0,27270450.0,42109.76171875
2018-01-15,48980.0,47920.0,48800.0,48540.0,10096000.0,42406.796875
2018-01-16,50140.0,48620.0,48760.0,50000.0,20389650.0,43682.328125
2018-01-17,50020.0,49060.0,50020.0,49620.0,11053050.0,43350.34375
2018-01-18,50640.0,49820.0,50020.0,49900.0,14848850.0,43594.9609375
2018-01-19,50380.0,49040.0,50380.0,49320.0,9219950.0,43088.23828125
2018-01-22,48680.0,47960.0,48640.0,48240.0,12520900.0,42144.703125
2018-01-23,49160.0,48300.0,48660.0,49160.0,13532700.0,42948.45703125
2018-01-24,49700.0,48560.0,48860.0,49340.0,9550500.0,43105.71484375
2018-01-25,50360.0,49160.0,49220.0,50260.0,11160350.0,43909.46484375
2018-01-26,50780.0,49840.0,50500.0,50780.0,10350100.0,44363.76953125
2018-01-29,51480.0,50900.0,51200.0,51220.0,11838800.0,44748.171875
2018-01-30,50640.0,49780.0,50440.0,49800.0,12284550.0,43507.59765625
2018-01-31,54140.0,49600.0,50020.0,49900.0,64681300.0,43594.9609375
2018-02-01,50960.0,49720.0,50620.0,49820.0,27609450.0,43525.0703125
2018-02-02,49400.0,47700.0,49380.0,47700.0,29260350.0,41672.9375
2018-02-05,48320.0,46000.0,46500.0,47920.0,28357900.0,41865.13671875
2018-02-06,47920.0,46580.0,46600.0,47420.0,19406450.0,41428.3125
2018-02-07,48260.0,45800.0,48240.0,45800.0,23448050.0,40013.01171875
2018-02-08,46620.0,45980.0,46120.0,46000.0,23251050.0,40187.73828125
2018-02-09,45180.0,44420.0,44440.0,44700.0,17465000.0,39052.0
2018-02-12,46320.0,45040.0,45100.0,45720.0,15754950.0,39943.1171875
2018-02-13,48060.0,46200.0,46200.0,47540.0,18923250.0,41533.14453125
2018-02-14,49100.0,47940.0,48080.0,49000.0,18905900.0,42808.671875
2018-02-19,49800.0,47860.0,49800.0,48380.0,15353450.0,42267.0078125
2018-02-20,48160.0,47220.0,48040.0,47400.0,10122600.0,41410.84375
2018-02-21,47580.0,46840.0,47280.0,47280.0,12880200.0,41305.99609375
2018-02-22,47260.0,46760.0,47260.0,46760.0,8869950.0,40851.70703125
2018-02-23,47800.0,46760.0,46760.0,47220.0,12423300.0,41253.58203125
2018-02-26,47560.0,47080.0,47280.0,47380.0,9560650.0,41393.37109375
2018-02-27,48380.0,47380.0,48360.0,47380.0,9830550.0,41393.37109375
2018-02-28,48100.0,47000.0,47380.0,47060.0,15162350.0,41113.80078125
2018-03-02,46800.0,46000.0,46580.0,46020.0,13265500.0,40205.203125
2018-03-05,46160.0,45080.0,45820.0,45200.0,14100950.0,39488.81640625
2018-03-06,47100.0,45820.0,45920.0,47020.0,15423350.0,41078.85546875
2018-03-07,48900.0,47220.0,48200.0,48620.0,21427050.0,42476.6875
2018-03-08,49480.0,48080.0,49200.0,49200.0,19463650.0,42983.40234375
2018-03-09,50540.0,49240.0,49440.0,49740.0,14304400.0,43455.171875
2018-03-12,50780.0,49580.0,50560.0,49740.0,8688950.0,43455.171875
2018-03-13,51660.0,50360.0,50760.0,51660.0,20098700.0,45132.5703125
2018-03-14,52000.0,51000.0,51020.0,51760.0,12713250.0,45219.9375
2018-03-15,52020.0,51020.0,52000.0,51540.0,8882450.0,45027.7421875
2018-03-16,51420.0,50240.0,51220.0,51140.0,12184900.0,44678.2734375
2018-03-19,51340.0,50440.0,50620.0,50740.0,8218850.0,44328.82421875
2018-03-20,51200.0,50100.0,50700.0,51200.0,8193250.0,44730.6953125
2018-03-21,51780.0,51060.0,51780.0,51060.0,8905200.0,44608.38671875
2018-03-22,51780.0,51040.0,51060.0,51780.0,8454100.0,45237.41796875
2018-03-23,50720.0,49600.0,50340.0,49720.0,14854950.0,43437.703125
2018-03-26,50280.0,49040.0,49420.0,50280.0,10057750.0,43926.94140625
2018-03-27,50460.0,49080.0,50320.0,49980.0,11874000.0,43664.84765625
2018-03-28,49100.0,48340.0,49100.0,48700.0,15159450.0,42546.58984375
2018-03-29,49560.0,48320.0,48700.0,49040.0,10067000.0,43157.328125
2018-03-30,49900.0,49080.0,49080.0,49220.0,7777100.0,43315.74609375
2018-04-02,49220.0,48500.0,49000.0,48540.0,7115650.0,42717.3203125
2018-04-03,48140.0,47280.0,47880.0,48120.0,12768250.0,42347.69140625
2018-04-04,48260.0,46920.0,48160.0,46920.0,12384200.0,41291.6484375
2018-04-05,49380.0,47340.0,47400.0,48740.0,13245600.0,42893.30859375
2018-04-06,48580.0,47400.0,48000.0,48400.0,12532700.0,42594.1015625
2018-04-09,49440.0,48200.0,48260.0,49200.0,9950400.0,43298.1328125
2018-04-10,49220.0,48040.0,48540.0,48880.0,10984350.0,43016.52734375
2018-04-11,49900.0,48600.0,49900.0,48860.0,10051100.0,42998.91796875
2018-04-12,49440.0,48880.0,49440.0,49000.0,12466250.0,43122.1328125
2018-04-13,50180.0,49400.0,49600.0,49800.0,10278300.0,43826.16015625
2018-04-16,50600.0,49860.0,50320.0,50340.0,7877450.0,44301.38671875
2018-04-17,50540.0,49820.0,50240.0,49980.0,7772000.0,43984.5703125
2018-04-18,51360.0,50580.0,51000.0,51360.0,13462600.0,45199.03125
2018-04-19,52980.0,51540.0,52000.0,52780.0,17190550.0,46448.69921875
2018-04-20,52260.0,51420.0,51800.0,51620.0,11761000.0,45427.84375
2018-04-23,52080.0,51000.0,51000.0,51900.0,11619000.0,45674.25390625
2018-04-24,51860.0,50080.0,51840.0,50460.0,15770300.0,44406.99609375
2018-04-25,50500.0,49220.0,49220.0,50400.0,16614600.0,44354.18359375
2018-04-26,52160.0,50400.0,50420.0,52140.0,18046550.0,45885.46875
2018-04-27,53640.0,52440.0,53380.0,53000.0,30310800.0,46642.3125
2018-04-30,53000.0,53000.0,53000.0,53000.0,0.0,46642.3125
2018-05-02,53000.0,53000.0,53000.0,53000.0,0.0,46642.3125
2018-05-03,53000.0,53000.0,53000.0,53000.0,0.0,46642.3125
2018-05-04,53900.0,51800.0,53000.0,51900.0,39565391.0,45674.25390625
2018-05-08,53200.0,51900.0,52600.0,52600.0,23104720.0,46290.28515625
2018-05-09,52800.0,50900.0,52600.0,50900.0,16128305.0,44794.20703125
2018-05-10,51700.0,50600.0,51700.0,51600.0,13905263.0,45410.25
2018-05-11,52200.0,51200.0,52000.0,51300.0,10314997.0,45146.2265625
2018-05-14,51100.0,49900.0,51000.0,50100.0,14909272.0,44090.1796875
2018-05-15,50400.0,49100.0,50200.0,49200.0,18709146.0,43298.1328125
2018-05-16,50200.0,49150.0,49200.0,49850.0,15918683.0,43870.16796875
2018-05-17,50500.0,49400.0,50300.0,49400.0,10365440.0,43474.14453125
2018-05-18,49900.0,49350.0,49900.0,49500.0,6706570.0,43562.15234375
2018-05-21,50200.0,49100.0,49650.0,50000.0,9020998.0,44002.1796875
2018-05-23,52000.0,50400.0,50600.0,51800.0,17095490.0,45586.25
2018-05-24,52000.0,51100.0,52000.0,51400.0,8289275.0,45234.23046875
2018-05-25,52800.0,50800.0,51000.0,52700.0,15207266.0,46378.28515625
2018-05-28,53000.0,52000.0,52500.0,52300.0,9787820.0,46026.27734375
2018-05-29,52500.0,51300.0,52200.0,51300.0,8480437.0,45146.2265625
2018-05-30,51500.0,49100.0,51300.0,49500.0,20498098.0,43562.15234375
2018-05-31,50800.0,49850.0,50400.0,50700.0,63491109.0,44618.20703125
2018-06-01,51700.0,49950.0,50500.0,51300.0,13038499.0,45146.2265625
2018-06-04,51200.0,50700.0,50800.0,51100.0,9767171.0,44970.2265625
2018-06-05,51400.0,50400.0,51100.0,51300.0,9144100.0,45146.2265625
2018-06-07,51800.0,50500.0,51800.0,50600.0,13590016.0,44530.203125
2018-06-08,50400.0,49600.0,50200.0,49650.0,16951706.0,43694.1640625
2018-06-11,50300.0,49350.0,49750.0,49900.0,10571312.0,43914.16796875
2018-06-12,49800.0,49250.0,49700.0,49400.0,12110569.0,43474.14453125
2018-06-14,49000.0,48200.0,49000.0,48200.0,20971729.0,42418.09765625
2018-06-15,48700.0,47650.0,48500.0,47650.0,17080892.0,41934.0703125
2018-06-18,47650.0,46200.0,47600.0,46600.0,16661870.0,41010.03125
2018-06-19,47350.0,46500.0,47200.0,47000.0,15217971.0,41362.046875
2018-06-20,47600.0,46850.0,47450.0,47000.0,12959316.0,41362.046875
2018-06-21,47900.0,47050.0,47900.0,47050.0,10015541.0,41406.04296875
2018-06-22,47250.0,46200.0,47000.0,47250.0,10298006.0,41582.05859375
2018-06-25,47050.0,46150.0,47050.0,46650.0,10587711.0,41054.02734375
2018-06-26,47300.0,45900.0,45900.0,47000.0,11223166.0,41362.046875
2018-06-27,48500.0,47000.0,47450.0,47950.0,15274752.0,42198.08203125
2018-06-28,47150.0,46600.0,46850.0,46800.0,12784800.0,41492.36328125
2018-06-29,47150.0,46200.0,46250.0,46650.0,14099635.0,41359.37109375
2018-07-02,47150.0,45500.0,46500.0,45550.0,13112253.0,40384.125
2018-07-03,46450.0,45750.0,45750.0,46150.0,10959655.0,40916.08203125
2018-07-04,47050.0,46050.0,46700.0,46250.0,8776763.0,41004.73046875
2018-07-05,46550.0,45600.0,46100.0,45950.0,7039773.0,40738.7578125
2018-07-06,45850.0,44650.0,45500.0,44900.0,17843706.0,39807.83984375
2018-07-09,46100.0,45200.0,45500.0,45600.0,11602464.0,40428.453125
2018-07-10,46550.0,46100.0,46200.0,46300.0,10528665.0,41049.06640625
2018-07-11,46450.0,45400.0,46400.0,46000.0,11224077.0,40783.09375
2018-07-12,46250.0,45450.0,45900.0,45500.0,11828104.0,40339.796875
2018-07-13,46500.0,45750.0,45800.0,46500.0,11543389.0,41226.37890625
2018-07-16,46800.0,46000.0,46800.0,46050.0,7678719.0,40827.41796875
2018-07-17,46200.0,45600.0,46150.0,45850.0,8892953.0,40650.1015625
2018-07-18,47200.0,46450.0,46700.0,46550.0,10952645.0,41270.7109375
2018-07-19,47200.0,46600.0,47050.0,46900.0,9880128.0,41581.01171875
2018-07-20,47600.0,46700.0,47000.0,47450.0,10474547.0,42068.640625
2018-07-23,47200.0,46150.0,47100.0,46500.0,10823782.0,41226.37890625
2018-07-24,46600.0,45950.0,46350.0,46150.0,8261363.0,40916.08203125
2018-07-25,46550.0,45900.0,46250.0,46150.0,7222471.0,40916.08203125
2018-07-26,47000.0,46000.0,46100.0,46900.0,7374946.0,41581.01171875
2018-07-27,47000.0,46450.0,46450.0,46900.0,4762460.0,41581.01171875
2018-07-30,46800.0,46350.0,46550.0,46500.0,5723035.0,41226.37890625
2018-07-31,46450.0,46000.0,46200.0,46250.0,8033607.0,41004.73046875
2018-08-01,46850.0,46050.0,46050.0,46550.0,7484499.0,41270.7109375
2018-08-02,46800.0,45500.0,46550.0,45550.0,8560924.0,40384.125
2018-08-03,45900.0,45450.0,45850.0,45750.0,8274944.0,40561.44140625
2018-08-06,46150.0,45750.0,46150.0,45800.0,6771979.0,40605.7734375
2018-08-07,46750.0,45900.0,46300.0,46700.0,9058174.0,41403.70703125
2018-08-08,47000.0,46550.0,47000.0,46800.0,6429338.0,41492.36328125
2018-08-09,47050.0,46450.0,47000.0,46900.0,12010886.0,41581.01171875
2018-08-10,46400.0,44850.0,46150.0,45400.0,16670643.0,40251.1328125
2018-08-13,45100.0,44650.0,44950.0,45050.0,9803831.0,39940.8203125
2018-08-14,45400.0,44850.0,44850.0,45150.0,6409259.0,40029.484375
2018-08-16,44650.0,43700.0,43800.0,44250.0,10088229.0,39231.55859375
2018-08-17,44400.0,44050.0,44050.0,44100.0,6808747.0,39098.5703125
2018-08-20,44200.0,43500.0,43500.0,43850.0,7289124.0,38876.92578125
2018-08-21,44900.0,43700.0,43700.0,44800.0,9520270.0,39719.1875
2018-08-22,46200.0,44900.0,45150.0,46100.0,11641656.0,40871.75
2018-08-23,46200.0,45700.0,46150.0,46200.0,6730918.0,40960.40234375
2018-08-24,46400.0,45550.0,45900.0,46150.0,6582535.0,40916.08203125
2018-08-27,46550.0,46000.0,46100.0,46300.0,5263782.0,41049.06640625
2018-08-28,46950.0,46300.0,46800.0,46550.0,7365976.0,41270.7109375
2018-08-29,46800.0,46400.0,46750.0,46800.0,5572374.0,41492.36328125
2018-08-30,47950.0,46700.0,46950.0,47650.0,12193231.0,42245.9609375
2018-08-31,48450.0,47000.0,47100.0,48450.0,13577454.0,42955.23046875
2018-09-03,48300.0,47300.0,48200.0,47450.0,8595084.0,42068.640625
2018-09-04,47800.0,47200.0,47550.0,47650.0,6791255.0,42245.9609375
2018-09-05,47450.0,46400.0,47300.0,46600.0,9139998.0,41315.046875
2018-09-06,46400.0,45800.0,46200.0,46100.0,9040553.0,40871.75
2018-09-07,45200.0,44400.0,44500.0,44900.0,18285508.0,39807.83984375
2018-09-10,45550.0,45000.0,45450.0,45500.0,9979838.0,40339.796875
2018-09-11,45900.0,45050.0,45550.0,45050.0,9865790.0,39940.8203125
2018-09-12,45100.0,44500.0,44900.0,44550.0,12995269.0,39497.52734375
2018-09-13,44750.0,44000.0,44550.0,44050.0,18277942.0,39054.23828125
2018-09-14,45850.0,44900.0,45000.0,45850.0,12446344.0,40650.1015625
2018-09-17,45800.0,44900.0,45550.0,45150.0,8123384.0,40029.484375
2018-09-18,45900.0,44700.0,44950.0,45500.0,9987090.0,40339.796875
2018-09-19,46200.0,45700.0,46000.0,46150.0,9367454.0,40916.08203125
2018-09-20,47600.0,46400.0,46850.0,47250.0,13536966.0,41891.328125
2018-09-21,47550.0,46550.0,46550.0,47400.0,14476906.0,42024.30078125
2018-09-27,47500.0,46450.0,46950.0,47500.0,15804586.0,42429.8515625
2018-09-28,47250.0,46300.0,47250.0,46450.0,11270515.0,41491.9296875
2018-10-01,46800.0,45800.0,46450.0,46350.0,6354983.0,41402.60546875
2018-10-02,46700.0,45700.0,46450.0,45700.0,6607188.0,40821.984375
2018-10-04,45600.0,44700.0,45150.0,44700.0,11865327.0,39928.72265625
2018-10-05,45500.0,44550.0,44800.0,44700.0,10544165.0,39928.72265625
2018-10-08,45200.0,44200.0,44200.0,44950.0,6759464.0,40152.046875
2018-10-10,45500.0,44500.0,45250.0,45300.0,10341349.0,40464.6796875
2018-10-11,44650.0,43100.0,44000.0,43100.0,19324537.0,38499.5078125
2018-10-12,44650.0,43200.0,43200.0,44000.0,12640906.0,39303.44140625
2018-10-15,44050.0,43350.0,44050.0,43800.0,7434522.0,39124.79296875
2018-10-16,44150.0,43350.0,43700.0,43600.0,6825677.0,38946.140625
2018-10-17,44500.0,44000.0,44150.0,44150.0,8306193.0,39437.4296875
2018-10-18,44450.0,43700.0,43950.0,44050.0,8347725.0,39348.10546875
2018-10-19,44150.0,43450.0,43900.0,43900.0,7842520.0,39214.1171875
2018-10-22,43950.0,43200.0,43450.0,43550.0,8357648.0,38901.4765625
2018-10-23,43450.0,42550.0,43300.0,43050.0,9531231.0,38454.85546875
2018-10-24,43100.0,42250.0,43050.0,42550.0,13522825.0,38008.22265625
2018-10-25,41550.0,40550.0,40600.0,41000.0,19338170.0,36623.65625
2018-10-26,41300.0,40400.0,41100.0,41000.0,14413864.0,36623.65625
2018-10-29,41950.0,40550.0,40850.0,41400.0,14460521.0,36980.96875
2018-10-30,43000.0,41000.0,41400.0,42350.0,14205190.0,37829.5625
2018-10-31,43350.0,41700.0,42900.0,42400.0,17621480.0,37874.23046875
2018-11-01,42950.0,42150.0,42450.0,42150.0,13423132.0,37650.91015625
2018-11-02,44250.0,42800.0,43050.0,44150.0,16517112.0,39437.4296875
2018-11-05,43800.0,42900.0,43750.0,43800.0,9426777.0,39124.79296875
2018-11-06,43800.0,42950.0,43750.0,43750.0,7713625.0,39080.12890625
2018-11-07,44500.0,43400.0,43600.0,44000.0,11553998.0,39303.44140625
2018-11-08,45050.0,44050.0,44900.0,44050.0,12617397.0,39348.10546875
2018-11-09,44850.0,43900.0,44450.0,44300.0,7318500.0,39571.41796875
2018-11-12,45250.0,43700.0,43850.0,45200.0,8552566.0,40375.35546875
2018-11-13,44500.0,43400.0,43900.0,44500.0,9311126.0,39750.07421875
2018-11-14,44500.0,43800.0,44500.0,44100.0,6783344.0,39392.76953125
2018-11-15,44350.0,43500.0,44050.0,44250.0,5864067.0,39526.76171875
2018-11-16,44750.0,43700.0,44600.0,44000.0,7777124.0,39303.44140625
2018-11-19,44250.0,43450.0,44050.0,43650.0,7538720.0,38990.796875
2018-11-20,43000.0,42100.0,42450.0,42800.0,9420664.0,38231.53125
2018-11-21,42300.0,41800.0,41800.0,42100.0,10769589.0,37606.24609375
2018-11-22,42650.0,42000.0,42000.0,42450.0,5970796.0,37918.8828125
2018-11-23,42600.0,41900.0,42450.0,42400.0,5192638.0,37874.23046875
2018-11-26,42800.0,42100.0,42150.0,42600.0,6613009.0,38052.87890625
2018-11-27,43100.0,42500.0,42900.0,43050.0,8367091.0,38454.85546875
2018-11-28,43200.0,42750.0,42800.0,43150.0,6943099.0,38544.1640625
2018-11-29,43850.0,42900.0,43850.0,43150.0,8473511.0,38544.1640625
2018-11-30,44000.0,41750.0,43450.0,41850.0,19775519.0,37382.92578125
2018-12-03,43400.0,42400.0,42750.0,43250.0,12110702.0,38633.48828125
2018-12-04,42900.0,41900.0,42650.0,42150.0,14347746.0,37650.91015625
2018-12-05,41750.0,40850.0,40900.0,41450.0,12631983.0,37025.625
2018-12-06,41100.0,40450.0,40600.0,40500.0,14251826.0,36177.03515625
2018-12-07,41400.0,40850.0,40900.0,40950.0,11433083.0,36578.99609375
2018-12-10,40650.0,40000.0,40450.0,40200.0,14892263.0,35909.0625
2018-12-11,40700.0,40200.0,40600.0,40250.0,10638766.0,35953.72265625
2018-12-12,40700.0,40150.0,40250.0,40450.0,12024279.0,36132.37109375
2018-12-13,40750.0,40000.0,40650.0,40000.0,26254646.0,35730.40234375
2018-12-14,40200.0,38700.0,40200.0,38950.0,19671783.0,34792.4765625
2018-12-17,39600.0,38650.0,38650.0,39150.0,11532968.0,34971.1328125
2018-12-18,39200.0,38300.0,38300.0,38900.0,11042101.0,34747.81640625
2018-12-19,39350.0,38850.0,38900.0,39100.0,9942037.0,34926.4765625
2018-12-20,39100.0,38500.0,38600.0,38650.0,11937617.0,34524.49609375
2018-12-21,38650.0,38100.0,38200.0,38650.0,14947080.0,34524.49609375
2018-12-24,39050.0,38300.0,38500.0,38800.0,9729530.0,34658.48828125
2018-12-26,38750.0,38300.0,38400.0,38350.0,12707675.0,34256.52734375
2018-12-27,38800.0,38100.0,38700.0,38250.0,10510643.0,34485.52734375
2018-12-28,38900.0,38200.0,38250.0,38700.0,9900267.0,34891.24609375
2019-01-02,39400.0,38550.0,39400.0,38750.0,7847664.0,34936.3203125
2019-01-03,38550.0,37450.0,38300.0,37600.0,12471493.0,33899.5
2019-01-04,37600.0,36850.0,37450.0,37450.0,14108958.0,33764.2578125
2019-01-07,38900.0,37800.0,38000.0,38750.0,12748997.0,34936.3203125
2019-01-08,39200.0,37950.0,38000.0,38100.0,12756554.0,34350.28515625
2019-01-09,39600.0,38300.0,38650.0,39600.0,17452708.0,35702.6640625
2019-01-10,40150.0,39600.0,40000.0,39800.0,14731699.0,35882.9765625
2019-01-11,40550.0,39950.0,40350.0,40500.0,11661063.0,36514.0859375
2019-01-14,40700.0,39850.0,40450.0,40050.0,11984996.0,36108.375
2019-01-15,41100.0,39850.0,40050.0,41100.0,11492756.0,37055.04296875
2019-01-16,41450.0,40700.0,41150.0,41450.0,8491595.0,37370.58984375
2019-01-17,42100.0,41450.0,41700.0,41950.0,11736903.0,37821.375
2019-01-18,42400.0,41950.0,42000.0,42300.0,11029256.0,38136.9375
2019-01-21,42750.0,41900.0,42700.0,42750.0,11355701.0,38542.64453125
2019-01-22,42850.0,41850.0,42750.0,42150.0,9964356.0,38001.69921875
2019-01-23,42250.0,41350.0,41350.0,42000.0,11071079.0,37866.4609375
2019-01-24,43100.0,42350.0,43050.0,43050.0,14747623.0,38813.125
2019-01-25,44750.0,43750.0,44300.0,44750.0,22789395.0,40345.8125
2019-01-28,45500.0,44600.0,45000.0,45050.0,17998914.0,40616.27734375
2019-01-29,45500.0,44350.0,45050.0,45500.0,16215017.0,41022.0
2019-01-30,46400.0,44800.0,44800.0,46400.0,17505980.0,41833.42578125
2019-01-31,47050.0,46150.0,46650.0,46150.0,21621145.0,41608.03515625
2019-02-01,46950.0,46250.0,46650.0,46350.0,13832454.0,41788.33984375
2019-02-07,47100.0,46200.0,46800.0,46200.0,15872001.0,41653.1015625
2019-02-08,45700.0,44650.0,45700.0,44800.0,12689196.0,40390.89453125
2019-02-11,45000.0,44250.0,44500.0,45000.0,11125044.0,40571.2109375
2019-02-12,46250.0,44650.0,44650.0,46050.0,13184367.0,41517.8671875
2019-02-13,46700.0,46000.0,46400.0,46200.0,11299738.0,41653.1015625
2019-02-14,47500.0,46150.0,46600.0,47500.0,17259341.0,42825.15625
2019-02-15,46850.0,45650.0,46750.0,46050.0,10554643.0,41517.8671875
2019-02-18,46850.0,45850.0,46500.0,46200.0,8183728.0,41653.1015625
2019-02-19,46150.0,45450.0,45850.0,45950.0,6741395.0,41427.71484375
2019-02-20,47100.0,46500.0,46750.0,46900.0,11506720.0,42284.21484375
2019-02-21,47200.0,46200.0,46500.0,46950.0,8694009.0,42329.2890625
2019-02-22,47150.0,46450.0,46500.0,47150.0,6895772.0,42509.61328125
2019-02-25,47550.0,47050.0,47400.0,47350.0,7484716.0,42689.93359375
2019-02-26,47450.0,46500.0,47350.0,46750.0,7985547.0,42148.9765625
2019-02-27,47250.0,46750.0,47000.0,46750.0,8045211.0,42148.9765625
2019-02-28,46500.0,45100.0,46400.0,45100.0,23569321.0,40661.36328125
2019-03-04,46100.0,44800.0,46000.0,44850.0,12926539.0,40435.96484375
2019-03-05,45100.0,44150.0,44600.0,44250.0,10612405.0,39895.0234375
2019-03-06,44300.0,43700.0,44000.0,44000.0,10202544.0,39669.62109375
2019-03-07,44950.0,43400.0,43400.0,44450.0,11049749.0,40075.3359375
2019-03-08,44800.0,43800.0,44450.0,43800.0,7729069.0,39489.3125
2019-03-11,44450.0,43650.0,44400.0,43650.0,10717408.0,39354.0703125
2019-03-12,44950.0,44150.0,44300.0,44650.0,11431977.0,40255.65234375
2019-03-13,44450.0,43700.0,44250.0,43850.0,8108343.0,39534.38671875
2019-03-14,44300.0,43550.0,43700.0,43850.0,18039161.0,39534.38671875
2019-03-15,44250.0,43700.0,43800.0,44200.0,16814163.0,39849.94140625
2019-03-18,44150.0,43450.0,43950.0,43700.0,8188876.0,39399.140625
2019-03-19,43900.0,43550.0,43750.0,43900.0,7609563.0,39579.46484375
2019-03-20,44200.0,43100.0,43800.0,44050.0,9846242.0,39714.7109375
2019-03-21,46250.0,44050.0,44600.0,45850.0,21138016.0,41337.55078125
2019-03-22,47000.0,46250.0,46850.0,46550.0,12535911.0,41968.65625
2019-03-25,45650.0,44800.0,45300.0,45500.0,8699728.0,41022.0
2019-03-26,45700.0,44900.0,45500.0,45250.0,9729811.0,40796.60546875
2019-03-27,45600.0,44250.0,44750.0,45350.0,9568081.0,40886.7578125
2019-03-28,45200.0,44300.0,44950.0,44850.0,6821306.0,40754.08984375
2019-03-29,44900.0,44200.0,44500.0,44650.0,11491713.0,40572.359375
2019-04-01,45450.0,44850.0,45200.0,45050.0,7362129.0,40935.8203125
2019-04-02,46100.0,45350.0,45550.0,45750.0,9480688.0,41571.90234375
2019-04-03,46750.0,45800.0,46750.0,46600.0,12436570.0,42344.28125
2019-04-04,47100.0,46150.0,46150.0,46950.0,12650168.0,42662.30859375
2019-04-05,47550.0,46600.0,46950.0,46850.0,8546339.0,42571.4453125
2019-04-08,47250.0,46150.0,47250.0,46650.0,8507909.0,42389.7109375
2019-04-09,46950.0,46200.0,46700.0,46650.0,6878761.0,42389.7109375
2019-04-10,46700.0,46050.0,46400.0,46700.0,11883995.0,42435.1484375
2019-04-11,46800.0,46150.0,46700.0,46250.0,13697399.0,42026.234375
2019-04-12,46900.0,46000.0,46050.0,46850.0,7668936.0,42571.4453125
2019-04-15,47500.0,47000.0,47150.0,47050.0,8733019.0,42753.1796875
2019-04-16,47400.0,46800.0,47400.0,47250.0,7730881.0,42934.91796875
2019-04-17,47600.0,47000.0,47300.0,47050.0,5513658.0,42753.1796875
2019-04-18,47250.0,45500.0,47200.0,45600.0,12808747.0,41435.6015625
2019-04-19,46000.0,45250.0,45750.0,45300.0,8479710.0,41162.99609375
2019-04-22,45900.0,45100.0,45400.0,45350.0,6006957.0,41208.4296875
2019-04-23,45500.0,45000.0,45050.0,45200.0,6920566.0,41072.12890625
2019-04-24,45650.0,44150.0,45400.0,44750.0,13299267.0,40663.2265625
2019-04-25,45000.0,44100.0,44250.0,44650.0,10868965.0,40572.359375
2019-04-26,45000.0,43800.0,44200.0,44850.0,9739982.0,40754.08984375
2019-04-29,46150.0,45100.0,45150.0,46150.0,8777517.0,41935.37890625
2019-04-30,46300.0,45350.0,46000.0,45850.0,11121273.0,41662.76953125
2019-05-02,46150.0,45400.0,45500.0,45900.0,8625126.0,41708.20703125
2019-05-03,46050.0,45300.0,45900.0,45300.0,6562916.0,41162.99609375
2019-05-07,45300.0,44400.0,45250.0,44850.0,12014907.0,40754.08984375
2019-05-08,44850.0,44200.0,44300.0,44250.0,10398754.0,40208.890625
2019-05-09,44250.0,42450.0,43900.0,42450.0,23029718.0,38573.265625
2019-05-10,43450.0,42450.0,42600.0,42900.0,14579512.0,38982.17578125
2019-05-13,43200.0,42350.0,42500.0,42650.0,7635079.0,38755.0078125
2019-05-14,43100.0,41300.0,41300.0,42650.0,11563730.0,38755.0078125
2019-05-15,43050.0,42550.0,42700.0,42550.0,7670185.0,38664.1484375
2019-05-16,42400.0,41350.0,42350.0,41550.0,13687828.0,37755.46875
2019-05-17,42050.0,40850.0,41950.0,41200.0,13357951.0,37437.4296875
2019-05-20,42100.0,41550.0,41650.0,42000.0,15752397.0,38164.37109375
2019-05-21,43950.0,42350.0,42600.0,43150.0,18812133.0,39209.33984375
2019-05-22,43800.0,42400.0,43700.0,43500.0,11033339.0,39527.38671875
2019-05-23,44000.0,43250.0,43900.0,43850.0,12259006.0,39845.41796875
2019-05-24,43800.0,42400.0,43800.0,42700.0,13966305.0,38800.44140625
2019-05-27,43000.0,42350.0,42500.0,42650.0,8066669.0,38755.0078125
2019-05-28,42950.0,42150.0,42550.0,42550.0,24506881.0,38664.1484375
2019-05-29,42100.0,41300.0,41850.0,41800.0,14930618.0,37982.625
2019-05-30,42700.0,42150.0,42200.0,42550.0,11766018.0,38664.1484375
2019-05-31,42800.0,42150.0,42600.0,42500.0,11365999.0,38618.69921875
2019-06-03,43900.0,42500.0,42950.0,43800.0,15466580.0,39799.98828125
2019-06-04,43700.0,43000.0,43400.0,43450.0,9913497.0,39481.94921875
2019-06-05,44200.0,43700.0,44050.0,43900.0,12464135.0,39890.8515625
2019-06-07,44350.0,43450.0,43600.0,44200.0,11683682.0,40163.453125
2019-06-10,44850.0,44050.0,44300.0,44800.0,8792182.0,40708.6640625
2019-06-11,45000.0,44550.0,44800.0,44850.0,6664872.0,40754.08984375
2019-06-12,45050.0,44300.0,44800.0,44600.0,8607439.0,40526.921875
2019-06-13,44400.0,43400.0,44200.0,43750.0,16906541.0,39754.5546875
2019-06-14,44150.0,43300.0,43750.0,44000.0,9322873.0,39981.71484375
2019-06-17,44050.0,43400.0,43750.0,43900.0,11890424.0,39890.8515625
2019-06-18,44500.0,43650.0,43750.0,44350.0,7994928.0,40299.75390625
2019-06-19,45450.0,45000.0,45450.0,45350.0,10417690.0,41208.4296875
2019-06-20,45500.0,44850.0,44850.0,45500.0,7147785.0,41344.734375
2019-06-21,45800.0,45200.0,45750.0,45700.0,9454913.0,41526.46484375
2019-06-24,45800.0,45200.0,45200.0,45500.0,6085066.0,41344.734375
2019-06-25,45800.0,45200.0,45200.0,45600.0,7076774.0,41435.6015625
2019-06-26,46000.0,45600.0,45800.0,45700.0,9226097.0,41526.46484375
2019-06-27,46600.0,45750.0,46000.0,46500.0,12603534.0,42583.26171875
2019-06-28,47000.0,46700.0,47000.0,47000.0,12949231.0,43041.15234375
2019-07-01,47400.0,46250.0,47350.0,46600.0,11383522.0,42674.84765625
2019-07-02,46900.0,45850.0,46200.0,46250.0,8463073.0,42354.3203125
2019-07-03,46350.0,45200.0,45750.0,45400.0,9669368.0,41575.91796875
2019-07-04,46200.0,45250.0,45250.0,46000.0,6365573.0,42125.3828125
2019-07-05,45950.0,45250.0,45950.0,45650.0,7235395.0,41804.85546875
2019-07-08,44800.0,44350.0,44750.0,44400.0,7823843.0,40660.15625
2019-07-09,45450.0,44700.0,44850.0,45100.0,7646421.0,41301.1875
2019-07-10,46150.0,45500.0,45550.0,45550.0,9253930.0,41713.28125
2019-07-11,46550.0,46150.0,46350.0,46200.0,10989751.0,42308.52734375
2019-07-12,46400.0,45800.0,46350.0,46300.0,5245804.0,42400.11328125
2019-07-15,46650.0,45750.0,45950.0,46450.0,4717226.0,42537.4765625
2019-07-16,46850.0,46300.0,46450.0,46850.0,7407824.0,42903.78515625
2019-07-17,46350.0,45950.0,46150.0,46050.0,5216602.0,42171.16796875
2019-07-18,46450.0,45650.0,46450.0,46100.0,5143554.0,42216.95703125
2019-07-19,46950.0,46600.0,46650.0,46800.0,8819393.0,42857.9921875
2019-07-22,47300.0,46600.0,46800.0,47200.0,9009109.0,43224.30078125
2019-07-23,47550.0,47050.0,47350.0,47300.0,9061381.0,43315.8828125
2019-07-24,47150.0,46250.0,47100.0,46400.0,8756522.0,42491.6875
2019-07-25,47200.0,46600.0,47150.0,47200.0,8408838.0,43224.30078125
2019-07-26,47150.0,46550.0,46650.0,47150.0,7873886.0,43178.515625
2019-07-29,47050.0,46000.0,46800.0,46100.0,6856846.0,42216.95703125
2019-07-30,46850.0,46300.0,46300.0,46550.0,5551014.0,42629.0546875
2019-07-31,46600.0,45000.0,46200.0,45350.0,12872916.0,41530.12890625
2019-08-01,45500.0,44850.0,44900.0,45200.0,7811181.0,41392.765625
2019-08-02,45500.0,44300.0,44550.0,44950.0,12151374.0,41163.828125
2019-08-05,44600.0,43600.0,44350.0,43950.0,14214086.0,40248.0546875
2019-08-06,43800.0,42500.0,42500.0,43500.0,15083824.0,39835.96484375
2019-08-07,43900.0,43100.0,43600.0,43200.0,10002533.0,39561.22265625
2019-08-08,43500.0,42650.0,43250.0,42650.0,16926881.0,39057.5546875
2019-08-09,43350.0,43050.0,43250.0,43150.0,9685147.0,39515.43359375
2019-08-12,44000.0,43550.0,44000.0,43700.0,8466169.0,40019.10546875
2019-08-13,43500.0,42950.0,43500.0,43000.0,7276979.0,39378.0703125
2019-08-14,44250.0,43500.0,43900.0,43700.0,8750135.0,40019.10546875
2019-08-16,43900.0,43300.0,43800.0,43900.0,9528115.0,40202.265625
2019-08-19,44350.0,43500.0,44350.0,43600.0,6014218.0,39927.53515625
2019-08-20,44600.0,43550.0,43950.0,44450.0,8434205.0,40705.9375
2019-08-21,44800.0,44150.0,44350.0,44500.0,6571717.0,40751.73046875
2019-08-22,44700.0,43850.0,44500.0,44050.0,8061177.0,40339.6328125
2019-08-23,44200.0,43650.0,43800.0,43950.0,5017381.0,40248.0546875
2019-08-26,43800.0,42950.0,43050.0,43600.0,7954949.0,39927.53515625
2019-08-27,44200.0,43600.0,43650.0,44050.0,16883932.0,40339.6328125
2019-08-28,44400.0,43750.0,44100.0,44150.0,5758333.0,40431.19921875
2019-08-29,44200.0,43050.0,44200.0,43400.0,10768862.0,39744.3828125
2019-08-30,44300.0,43750.0,43750.0,44000.0,9899073.0,40293.8359375
2019-09-02,44850.0,43650.0,44850.0,43800.0,7185537.0,40110.69140625
2019-09-03,43650.0,43100.0,43550.0,43250.0,9774941.0,39607.01171875
2019-09-04,44100.0,43150.0,43250.0,44100.0,12441837.0,40385.41796875
2019-09-05,46100.0,44450.0,44800.0,45700.0,18297430.0,41850.64453125
2019-09-06,46500.0,45850.0,46500.0,46300.0,9896562.0,42400.11328125
2019-09-09,47000.0,46300.0,46450.0,46900.0,9434157.0,42949.5703125
2019-09-10,47200.0,46550.0,47100.0,47000.0,9231792.0,43041.15234375
2019-09-11,47400.0,46800.0,47300.0,47150.0,16141619.0,43178.515625
2019-09-16,47100.0,46400.0,47000.0,47100.0,15550926.0,43132.72265625
2019-09-17,47100.0,46800.0,47000.0,46900.0,7006280.0,42949.5703125
2019-09-18,47700.0,46800.0,46900.0,47700.0,10413027.0,43682.1875
2019-09-19,49200.0,47850.0,48050.0,49150.0,16461413.0,45010.05078125
2019-09-20,49600.0,49100.0,49400.0,49200.0,15460210.0,45055.83984375
2019-09-23,49300.0,49000.0,49250.0,49300.0,7568553.0,45147.41796875
2019-09-24,49650.0,48850.0,49050.0,49500.0,7871955.0,45330.57421875
2019-09-25,49350.0,48800.0,49200.0,48900.0,9187141.0,44781.109375
2019-09-26,49250.0,48900.0,49000.0,49200.0,8494756.0,45055.83984375
2019-09-27,48700.0,48000.0,48000.0,48400.0,8048041.0,44644.4453125
2019-09-30,49250.0,47900.0,48050.0,49050.0,9497119.0,45244.0078125
2019-10-01,49100.0,48650.0,48900.0,48850.0,6206035.0,45059.53515625
2019-10-02,48400.0,47600.0,48350.0,47600.0,8382463.0,43906.5234375
2019-10-04,48650.0,47350.0,47400.0,48000.0,9331695.0,44275.48046875
2019-10-07,48700.0,47650.0,48350.0,47750.0,7047273.0,44044.88671875
2019-10-08,49000.0,47600.0,47900.0,48900.0,14239367.0,45105.64453125
2019-10-10,49200.0,48000.0,48200.0,48550.0,18639855.0,44782.8125
2019-10-11,49450.0,48800.0,49000.0,49150.0,7783275.0,45336.25390625
2019-10-14,50300.0,49850.0,50000.0,50000.0,11130635.0,46120.29296875
2019-10-15,50200.0,49900.0,49900.0,50100.0,6058105.0,46212.5390625
2019-10-16,50900.0,50400.0,50700.0,50700.0,9136282.0,46765.984375
2019-10-17,50600.0,50100.0,50500.0,50500.0,6701380.0,46581.50390625
2019-10-18,50900.0,49650.0,50300.0,49900.0,8483106.0,46028.0546875
2019-10-21,50400.0,49800.0,49900.0,50300.0,4406531.0,46397.01953125
2019-10-22,51500.0,50700.0,50800.0,51200.0,10898729.0,47227.1796875
2019-10-23,51500.0,50800.0,51300.0,51200.0,8663880.0,47227.1796875
2019-10-24,52500.0,50500.0,52500.0,50700.0,21185785.0,46765.984375
2019-10-25,51200.0,50500.0,50800.0,50900.0,7879897.0,46950.45703125
2019-10-28,51500.0,50700.0,50700.0,51300.0,6431522.0,47319.42578125
2019-10-29,51700.0,50800.0,51400.0,51100.0,7581629.0,47134.9453125
2019-10-30,50800.0,50200.0,50700.0,50400.0,8959435.0,46489.2578125
2019-10-31,51400.0,50300.0,51000.0,50400.0,10304777.0,46489.2578125
2019-11-01,51200.0,50400.0,50600.0,51200.0,8467846.0,47227.1796875
2019-11-04,52300.0,51400.0,51700.0,52300.0,13012411.0,48241.828125
2019-11-05,52700.0,52100.0,52400.0,52700.0,10581034.0,48610.79296875
2019-11-06,53500.0,52700.0,52900.0,53300.0,14361133.0,49164.234375
2019-11-07,53400.0,52400.0,53400.0,52900.0,9257116.0,48795.27734375
2019-11-08,53300.0,52000.0,53200.0,52100.0,11603290.0,48057.34765625
2019-11-11,52200.0,51400.0,52200.0,51600.0,8185952.0,47596.1484375
2019-11-12,52600.0,51600.0,51800.0,52600.0,6576148.0,48518.5546875
2019-11-13,52500.0,52000.0,52500.0,52500.0,6225196.0,48426.30859375
2019-11-14,52800.0,51900.0,51900.0,52800.0,12010018.0,48703.03515625
2019-11-15,53700.0,52600.0,52900.0,53700.0,9703360.0,49533.19921875
2019-11-18,53800.0,53200.0,53600.0,53500.0,7746554.0,49348.72265625
2019-11-19,53500.0,52700.0,53200.0,53500.0,8907177.0,49348.72265625
2019-11-20,53400.0,52000.0,53400.0,52000.0,12560070.0,47965.10546875
2019-11-21,52100.0,50600.0,51600.0,51000.0,14298646.0,47042.7109375
2019-11-22,51600.0,50900.0,51000.0,51600.0,8478310.0,47596.1484375
2019-11-25,52600.0,51700.0,52200.0,51800.0,9050625.0,47780.6328125
2019-11-26,52900.0,51800.0,51900.0,51800.0,27372226.0,47780.6328125
2019-11-27,52300.0,51600.0,51800.0,52200.0,7546261.0,48149.5859375
2019-11-28,52100.0,51300.0,51900.0,51300.0,6833885.0,47319.42578125
2019-11-29,51400.0,50200.0,51200.0,50300.0,11179334.0,46397.01953125
2019-12-02,51300.0,50400.0,50900.0,50400.0,18877252.0,46489.2578125
2019-12-03,50300.0,49500.0,49800.0,49900.0,12059812.0,46028.0546875
2019-12-04,49850.0,49000.0,49600.0,49450.0,13246549.0,45612.97265625
2019-12-05,50400.0,49500.0,50200.0,49500.0,10449715.0,45659.09765625
2019-12-06,50900.0,49950.0,50100.0,50400.0,11414563.0,46489.2578125
2019-12-09,51400.0,50700.0,50900.0,51200.0,8470627.0,47227.1796875
2019-12-10,51600.0,50700.0,51000.0,51500.0,6882771.0,47503.9140625
2019-12-11,52200.0,51400.0,51500.0,51900.0,11379521.0,47872.8671875
2019-12-12,53300.0,52700.0,53000.0,53300.0,29178697.0,49164.234375
2019-12-13,54800.0,53900.0,54500.0,54700.0,18120261.0,50455.59765625
2019-12-16,54900.0,54300.0,54500.0,54700.0,11512405.0,50455.59765625
2019-12-17,56700.0,55400.0,55800.0,56700.0,19358433.0,52300.41796875
2019-12-18,57200.0,56000.0,56700.0,56300.0,15558208.0,51931.44921875
2019-12-19,57300.0,55500.0,57000.0,56000.0,14180520.0,51654.734375
2019-12-20,56500.0,55600.0,56100.0,56000.0,12095519.0,51654.734375
2019-12-23,56400.0,55100.0,56100.0,55500.0,9839252.0,51193.52734375
2019-12-24,55700.0,54800.0,55600.0,55000.0,11868463.0,50732.328125
2019-12-26,55400.0,54400.0,54700.0,55400.0,9645034.0,51101.2890625
2019-12-27,56900.0,55500.0,55700.0,56500.0,12313056.0,52451.09375
2019-12-30,56600.0,55700.0,56200.0,55800.0,8356767.0,51801.2578125
2020-01-02,56000.0,55000.0,55500.0,55200.0,12993228.0,51244.26171875
2020-01-03,56600.0,54900.0,56000.0,55500.0,15422255.0,51522.7578125
2020-01-06,55600.0,54600.0,54900.0,55500.0,10278951.0,51522.7578125
2020-01-07,56400.0,55600.0,55700.0,55800.0,10009778.0,51801.2578125
2020-01-08,57400.0,55900.0,56200.0,56800.0,23501171.0,52729.59375
2020-01-09,58600.0,57400.0,58400.0,58600.0,24102579.0,54400.60546875
2020-01-10,59700.0,58300.0,58800.0,59500.0,16000170.0,55236.109375
2020-01-13,60000.0,59100.0,59600.0,60000.0,11359139.0,55700.27734375
2020-01-14,61000.0,59900.0,60400.0,60000.0,16906295.0,55700.27734375
2020-01-15,59600.0,58900.0,59500.0,59000.0,14300928.0,54771.94140625
2020-01-16,60700.0,59000.0,59100.0,60700.0,14381774.0,56350.1171875
2020-01-17,62000.0,61000.0,61900.0,61300.0,16025661.0,56907.11328125
2020-01-20,62800.0,61700.0,62000.0,62400.0,12528855.0,57928.29296875
2020-01-21,62400.0,61200.0,62000.0,61400.0,11142693.0,56999.95703125
2020-01-22,62600.0,60400.0,60500.0,62300.0,15339565.0,57835.45703125
2020-01-23,61800.0,60700.0,61800.0,60800.0,14916555.0,56442.94921875
2020-01-28,59400.0,58300.0,59400.0,58800.0,23664541.0,54586.265625
2020-01-29,59700.0,58800.0,59100.0,59100.0,16446102.0,54864.7734375
2020-01-30,58800.0,56800.0,58800.0,57200.0,20821939.0,53100.9375
2020-01-31,58400.0,56400.0,57800.0,56400.0,19749457.0,52358.26171875
2020-02-03,57400.0,55200.0,55500.0,57200.0,23995260.0,53100.9375
2020-02-04,59000.0,56800.0,57100.0,58900.0,21800192.0,54679.1015625
2020-02-05,60200.0,58900.0,60000.0,59500.0,19278165.0,55236.109375
2020-02-06,61100.0,59700.0,60100.0,61100.0,14727159.0,56721.44921875
2020-02-07,61200.0,59700.0,61100.0,60400.0,16402493.0,56071.6171875
2020-02-10,59800.0,59100.0,59200.0,59700.0,13107121.0,55421.7734375
2020-02-11,60700.0,59700.0,59800.0,59900.0,11071231.0,55607.4453125
2020-02-12,60700.0,59700.0,60300.0,60500.0,12904207.0,56164.453125
2020-02-13,61600.0,60500.0,61200.0,60700.0,18449775.0,56350.1171875
2020-02-14,61900.0,60200.0,60900.0,61800.0,13276067.0,57371.28515625
2020-02-17,62000.0,61200.0,61600.0,61500.0,8740596.0,57092.7890625
2020-02-18,60900.0,59700.0,60800.0,59800.0,16674266.0,55514.60546875
2020-02-19,60400.0,59400.0,59800.0,60200.0,12951496.0,55885.94921875
2020-02-20,61300.0,59600.0,60700.0,60000.0,14591924.0,55700.27734375
2020-02-21,59800.0,58500.0,58800.0,59200.0,13777393.0,54957.60546875
2020-02-24,58100.0,56800.0,57400.0,56800.0,25627537.0,52729.59375
2020-02-25,58000.0,56200.0,56200.0,57900.0,23885408.0,53750.76953125
2020-02-26,57000.0,56000.0,56000.0,56500.0,25483102.0,52451.09375
2020-02-27,56900.0,55500.0,56300.0,55900.0,23209541.0,51894.08984375
2020-02-28,55500.0,54200.0,55000.0,54200.0,30054227.0,50315.91796875
2020-03-02,55500.0,53600.0,54300.0,55000.0,30403412.0,51058.58203125
2020-03-03,56900.0,55100.0,56700.0,55400.0,30330295.0,51429.91796875
2020-03-04,57600.0,54600.0,54800.0,57400.0,24765728.0,53286.59375
2020-03-05,58000.0,56700.0,57600.0,57800.0,21698990.0,53657.92578125
2020-03-06,57200.0,56200.0,56500.0,56500.0,18716656.0,52451.09375
2020-03-09,56500.0,56500.0,56500.0,56500.0,0.0,52451.09375
2020-03-10,54900.0,53700.0,53800.0,54600.0,32106554.0,50687.25390625
2020-03-11,54400.0,52000.0,54300.0,52100.0,45707281.0,48366.40625
2020-03-12,52100.0,52100.0,52100.0,52100.0,0.0,48366.40625
2020-03-13,51600.0,46850.0,47450.0,49950.0,59462933.0,46370.484375
2020-03-16,50900.0,48800.0,50100.0,48900.0,33339821.0,45395.7265625
2020-03-17,49650.0,46700.0,46900.0,47300.0,51218151.0,43910.38671875
2020-03-18,48350.0,45600.0,47750.0,45600.0,40152623.0,42332.2109375
2020-03-19,46650.0,42300.0,46400.0,42950.0,56925513.0,39872.1171875
2020-03-20,45500.0,43550.0,44150.0,45400.0,49730008.0,42146.54296875
2020-03-23,43550.0,42400.0,42600.0,42500.0,41701626.0,39454.36328125
2020-03-24,46950.0,43050.0,43850.0,46950.0,49801908.0,43585.4609375
2020-03-25,49600.0,47150.0,48950.0,48650.0,52735922.0,45163.640625
2020-03-26,49300.0,47700.0,49000.0,47800.0,42185129.0,44374.5546875
2020-03-27,49700.0,46850.0,49600.0,48300.0,39896178.0,44838.71875
2020-03-30,48350.0,46550.0,47050.0,47850.0,26797395.0,44748.94140625
2020-03-31,48500.0,47150.0,48000.0,47750.0,30654261.0,44655.4296875
2020-04-01,47900.0,45800.0,47450.0,45800.0,27259532.0,42831.8046875
2020-04-02,46850.0,45350.0,46200.0,46800.0,21621076.0,43766.9921875
2020-04-03,47600.0,46550.0,47400.0,47000.0,22784682.0,43954.03125
2020-04-06,48800.0,47250.0,47500.0,48700.0,23395726.0,45543.859375
2020-04-07,50200.0,49000.0,49650.0,49600.0,31524034.0,46385.53125
2020-04-08,49750.0,48600.0,49600.0,48600.0,25010314.0,45450.3359375
2020-04-09,49800.0,48700.0,49750.0,49100.0,22628058.0,45917.9375
2020-04-10,49250.0,48650.0,48950.0,49250.0,17839111.0,46058.21484375
2020-04-13,48900.0,48300.0,48650.0,48300.0,14431800.0,45169.78125
2020-04-14,49200.0,48300.0,48800.0,49000.0,14206216.0,45824.4140625
2020-04-16,49350.0,48550.0,49350.0,49000.0,23349760.0,45824.4140625
2020-04-17,52000.0,50300.0,50800.0,51400.0,32041675.0,48068.87890625
2020-04-20,51400.0,50000.0,51400.0,50100.0,21866354.0,46853.12890625
2020-04-21,49700.0,48700.0,49400.0,49250.0,27407543.0,46058.21484375
2020-04-22,50000.0,48350.0,48700.0,49850.0,18613864.0,46619.328125
2020-04-23,50300.0,49500.0,50200.0,49850.0,18754442.0,46619.328125
2020-04-24,49750.0,49000.0,49650.0,49350.0,15618347.0,46151.73046875
2020-04-27,50000.0,49100.0,49350.0,49850.0,14049471.0,46619.328125
2020-04-28,50100.0,49300.0,49850.0,50100.0,16095399.0,46853.12890625
2020-04-29,50500.0,49600.0,49900.0,50000.0,15604533.0,46759.60546875
2020-05-04,49100.0,48500.0,48900.0,48500.0,26083749.0,45356.8203125
2020-05-06,49200.0,48500.0,49000.0,49200.0,18070225.0,46011.4453125
2020-05-07,49300.0,48700.0,49200.0,48800.0,13884411.0,45637.37890625
2020-05-08,49350.0,48800.0,49100.0,48800.0,15319700.0,45637.37890625
2020-05-11,49250.0,48300.0,48900.0,48400.0,16357743.0,45263.29296875
2020-05-12,48500.0,47550.0,48400.0,47900.0,23433590.0,44795.70703125
2020-05-13,48550.0,47200.0,47250.0,48550.0,20223277.0,45403.578125
2020-05-14,48100.0,47650.0,47750.0,48000.0,19305974.0,44889.21875
2020-05-15,48450.0,47700.0,48400.0,47850.0,18463118.0,44748.94140625
2020-05-18,49100.0,47600.0,47950.0,48800.0,20481981.0,45637.37890625
2020-05-19,50500.0,49700.0,50100.0,50300.0,25168295.0,47040.1640625
2020-05-20,50200.0,49800.0,50000.0,50000.0,14896899.0,46759.60546875
2020-05-21,50400.0,49850.0,50300.0,49950.0,14949266.0,46712.84765625
2020-05-22,49800.0,48600.0,49600.0,48750.0,19706284.0,45590.62109375
2020-05-25,48900.0,48450.0,48750.0,48850.0,14337913.0,45684.1328125
2020-05-26,49450.0,48600.0,48700.0,49250.0,15127490.0,46058.21484375
2020-05-27,50000.0,48800.0,48950.0,49900.0,19548479.0,46666.0859375
2020-05-28,51200.0,49900.0,51100.0,50400.0,31309318.0,47133.68359375
2020-05-29,50700.0,49700.0,50000.0,50700.0,27596961.0,47414.24609375
2020-06-01,51200.0,50600.0,50800.0,51200.0,16949183.0,47881.83203125
2020-06-02,51500.0,50800.0,51000.0,51400.0,14247933.0,48068.87890625
2020-06-03,55000.0,51700.0,51800.0,54500.0,49257814.0,50967.96875
2020-06-04,57000.0,54600.0,55800.0,54600.0,40220334.0,51061.49609375
2020-06-05,55900.0,54000.0,54400.0,55500.0,22743629.0,51903.1640625
2020-06-08,56500.0,54700.0,56400.0,54900.0,25634965.0,51342.0546875
2020-06-09,56500.0,54400.0,55800.0,55500.0,23998831.0,51903.1640625
2020-06-10,55900.0,54900.0,55100.0,55400.0,16742493.0,51809.640625
2020-06-11,55100.0,53200.0,54500.0,54300.0,33815123.0,50780.93359375
2020-06-12,52800.0,51500.0,52100.0,52300.0,26976019.0,48910.546875
2020-06-15,52000.0,49900.0,51400.0,49900.0,28772921.0,46666.0859375
2020-06-16,52100.0,50600.0,51200.0,52100.0,21808375.0,48723.5078125
2020-06-17,52900.0,51300.0,52100.0,52200.0,26672595.0,48817.03125
2020-06-18,52300.0,51600.0,52200.0,52300.0,15982926.0,48910.546875
2020-06-19,52900.0,51600.0,52600.0,52900.0,18157985.0,49471.6640625
2020-06-22,52600.0,51800.0,52000.0,52000.0,13801350.0,48629.98828125
2020-06-23,52800.0,51100.0,52500.0,51400.0,18086152.0,48068.87890625
2020-06-24,53900.0,51600.0,51900.0,52900.0,24519552.0,49471.6640625
2020-06-25,53000.0,51900.0,52100.0,51900.0,18541624.0,48536.47265625
2020-06-26,53900.0,52200.0,52800.0,53300.0,21575360.0,49845.7421875
2020-06-29,53200.0,52000.0,52500.0,52400.0,17776925.0,49331.70703125
2020-06-30,53900.0,52800.0,53900.0,52800.0,21157172.0,49708.2890625
2020-07-01,53600.0,52400.0,53400.0,52600.0,16706143.0,49520.0
2020-07-02,52900.0,52100.0,52100.0,52900.0,14142583.0,49802.43359375
2020-07-03,53600.0,52700.0,53000.0,53600.0,11887868.0,50461.44140625
2020-07-06,55000.0,53800.0,54000.0,55000.0,19856623.0,51779.46484375
2020-07-07,55900.0,53400.0,55800.0,53400.0,30760032.0,50273.16015625
2020-07-08,53900.0,52900.0,53600.0,53000.0,19664652.0,49896.58203125
2020-07-09,53600.0,52800.0,53200.0,52800.0,17054850.0,49708.2890625
2020-07-10,53200.0,52300.0,53100.0,52700.0,13714746.0,49614.140625
2020-07-13,53800.0,53100.0,53300.0,53400.0,12240188.0,50273.16015625
2020-07-14,53800.0,53200.0,53700.0,53800.0,14269484.0,50649.73828125
2020-07-15,55000.0,54300.0,54400.0,54700.0,24051450.0,51497.03515625
2020-07-16,54800.0,53800.0,54800.0,53800.0,16779127.0,50649.73828125
2020-07-17,54700.0,54100.0,54200.0,54400.0,10096174.0,51214.6015625
2020-07-20,54800.0,54000.0,54800.0,54200.0,10507530.0,51026.3125
2020-07-21,55400.0,54800.0,55200.0,55300.0,18297260.0,52061.90234375
2020-07-22,55500.0,54700.0,55300.0,54700.0,12885057.0,51497.03515625
2020-07-23,54700.0,53800.0,54700.0,54100.0,16214932.0,50932.16796875
2020-07-24,54400.0,53700.0,54000.0,54200.0,10994535.0,51026.3125
2020-07-27,55700.0,54300.0,54300.0,55600.0,21054421.0,52344.33203125
2020-07-28,58800.0,56400.0,57000.0,58600.0,48431566.0,55168.66796875
2020-07-29,60400.0,58600.0,60300.0,59000.0,36476611.0,55545.25
2020-07-30,60100.0,59000.0,59700.0,59000.0,19285354.0,55545.25
2020-07-31,59600.0,57700.0,59500.0,57900.0,21943345.0,54509.66015625
2020-08-03,57900.0,56700.0,57800.0,56800.0,21158940.0,53474.0703125
2020-08-04,58100.0,57000.0,57200.0,57300.0,19419694.0,53944.7890625
2020-08-05,57500.0,56300.0,57300.0,56900.0,17739706.0,53568.21484375
2020-08-06,58400.0,57100.0,57100.0,58000.0,21625874.0,54603.80078125
2020-08-07,58400.0,57100.0,57900.0,57500.0,18751717.0,54133.08203125
2020-08-10,58300.0,57500.0,57600.0,57800.0,17774291.0,54415.51171875
2020-08-11,59500.0,57800.0,58000.0,58200.0,24907912.0,54792.08984375
2020-08-12,59000.0,57700.0,58200.0,59000.0,18573934.0,55545.25
2020-08-13,59600.0,58000.0,59400.0,58700.0,22089460.0,55262.8125
2020-08-14,58400.0,57700.0,58000.0,58000.0,15672548.0,54603.80078125
2020-08-18,59900.0,58000.0,58900.0,58400.0,25307825.0,54980.375
2020-08-19,59200.0,57800.0,59000.0,57800.0,16930719.0,54415.51171875
2020-08-20,57600.0,55300.0,57600.0,55400.0,30386029.0,52156.04296875
2020-08-21,56900.0,55800.0,56200.0,55900.0,21142288.0,52626.76171875
2020-08-24,56600.0,55400.0,55800.0,56100.0,15055896.0,52815.05859375
2020-08-25,56800.0,56100.0,56400.0,56400.0,14021705.0,53097.48828125
2020-08-26,56500.0,55700.0,56400.0,56400.0,17651593.0,53097.48828125
2020-08-27,56300.0,55600.0,56300.0,55600.0,16196568.0,52344.33203125
2020-08-28,56300.0,55400.0,56100.0,55400.0,14619888.0,52156.04296875
2020-08-31,56100.0,54000.0,56000.0,54000.0,32671367.0,50838.01953125
2020-09-01,54800.0,54100.0,54100.0,54200.0,19363117.0,51026.3125
2020-09-02,55100.0,54100.0,54600.0,54400.0,16905723.0,51214.6015625
2020-09-03,56700.0,55500.0,55600.0,56400.0,28384920.0,53097.48828125
2020-09-04,55800.0,55100.0,55200.0,55600.0,22139109.0,52344.33203125
2020-09-07,57300.0,55800.0,56100.0,56500.0,18685880.0,53191.6328125
2020-09-08,58700.0,57200.0,57400.0,58700.0,31517520.0,55262.8125
2020-09-09,59300.0,57800.0,58200.0,58400.0,30597399.0,54980.375
2020-09-10,60000.0,59100.0,59900.0,59200.0,29923293.0,55733.53515625
2020-09-11,59400.0,58200.0,59300.0,59000.0,16017098.0,55545.25
2020-09-14,60800.0,59900.0,60200.0,60400.0,20648281.0,56863.2734375
2020-09-15,61000.0,60500.0,60900.0,61000.0,17877075.0,57428.13671875
2020-09-16,61300.0,60600.0,61100.0,61000.0,17041444.0,57428.13671875
2020-09-17,60800.0,59300.0,60700.0,59500.0,25108356.0,56015.96875
2020-09-18,59900.0,59100.0,59800.0,59300.0,18884571.0,55827.68359375
2020-09-21,60000.0,59000.0,59100.0,59200.0,15140387.0,55733.53515625
2020-09-22,59700.0,57800.0,59100.0,58200.0,20830381.0,54792.08984375
2020-09-23,58800.0,57400.0,58400.0,58600.0,20111398.0,55168.66796875
2020-09-24,58600.0,57600.0,57700.0,57800.0,17564020.0,54415.51171875
2020-09-25,58200.0,57700.0,57700.0,57900.0,11444683.0,54509.66015625
2020-09-28,58800.0,57900.0,58300.0,58200.0,12614080.0,55129.15234375
2020-09-29,59000.0,58200.0,58300.0,58200.0,15503563.0,55129.15234375
2020-10-05,59200.0,57500.0,57500.0,58700.0,20228289.0,55602.76953125
2020-10-06,59900.0,58700.0,59400.0,59000.0,14463826.0,55886.9375
2020-10-07,59900.0,58500.0,58700.0,59900.0,14861838.0,56739.453125
2020-10-08,60700.0,59500.0,60500.0,59700.0,24589924.0,56550.00390625
2020-10-12,60400.0,59900.0,60000.0,60400.0,16145837.0,57213.0703125
2020-10-13,61400.0,60400.0,61000.0,60900.0,19247631.0,57686.69140625
2020-10-14,61100.0,60500.0,61000.0,60900.0,16086716.0,57686.69140625
2020-10-15,60800.0,59700.0,60700.0,60000.0,17756232.0,56834.171875
2020-10-16,60400.0,59000.0,60000.0,59500.0,16554190.0,56360.55859375
2020-10-19,60200.0,59500.0,59600.0,60000.0,14474985.0,56834.171875
2020-10-20,60900.0,60100.0,60300.0,60900.0,19326115.0,57686.69140625
2020-10-21,61500.0,60600.0,61200.0,60900.0,15703443.0,57686.69140625
2020-10-22,60500.0,59800.0,60300.0,60100.0,14294095.0,56928.90234375
2020-10-23,60400.0,59800.0,60400.0,60200.0,9322232.0,57023.62109375
2020-10-26,61100.0,60100.0,60400.0,60400.0,13268226.0,57213.0703125
2020-10-27,60300.0,59500.0,60300.0,59800.0,17260416.0,56644.72265625
2020-10-28,59400.0,58800.0,59400.0,59000.0,14428882.0,55886.9375
2020-10-29,58500.0,57500.0,58200.0,58100.0,22636966.0,55034.43359375
2020-10-30,58000.0,56600.0,58000.0,56600.0,26907844.0,53613.5703125
2020-11-02,57500.0,56000.0,56400.0,57400.0,20489076.0,54371.359375
2020-11-03,58900.0,57600.0,57900.0,58800.0,14950919.0,55697.484375
2020-11-04,59000.0,57800.0,58900.0,58500.0,21718561.0,55413.3203125
2020-11-05,60300.0,58800.0,59000.0,60300.0,20639475.0,57118.34375
2020-11-06,60800.0,59600.0,60700.0,60100.0,16910230.0,56928.90234375
2020-11-09,60900.0,60100.0,60700.0,60200.0,15892961.0,57023.62109375
2020-11-10,60500.0,59500.0,60500.0,60200.0,19073552.0,57023.62109375
2020-11-11,61400.0,60400.0,60700.0,61300.0,25628510.0,58065.578125
2020-11-12,61400.0,60700.0,61000.0,61000.0,19800573.0,57781.41015625
2020-11-13,63200.0,61000.0,61300.0,63200.0,31508829.0,59865.33203125
2020-11-16,66700.0,63900.0,64000.0,66300.0,36354334.0,62801.76171875
2020-11-17,67000.0,65600.0,67000.0,65700.0,30204089.0,62233.421875
2020-11-18,66200.0,64700.0,65700.0,64800.0,22963790.0,61380.9140625
2020-11-19,64800.0,63900.0,64100.0,64600.0,16590290.0,61191.46484375
2020-11-20,65200.0,63900.0,63900.0,64700.0,15068682.0,61286.1875
2020-11-23,67800.0,64700.0,64800.0,67500.0,27134398.0,63938.44140625
2020-11-24,69500.0,67000.0,67900.0,67700.0,32158235.0,64127.8984375
2020-11-25,68300.0,66500.0,67900.0,66600.0,32447065.0,63085.9296875
2020-11-26,68000.0,66000.0,66100.0,68000.0,19023323.0,64412.06640625
2020-11-27,68400.0,67600.0,68000.0,68200.0,14063434.0,64601.51953125
2020-11-30,68600.0,66700.0,68400.0,66700.0,43811016.0,63180.65234375
2020-12-01,68300.0,67100.0,67100.0,67800.0,22327173.0,64222.61328125
2020-12-02,69900.0,68300.0,68400.0,69500.0,29703942.0,65832.921875
2020-12-03,70500.0,69300.0,70100.0,69700.0,23677989.0,66022.375
2020-12-04,72100.0,70100.0,70400.0,71500.0,28130533.0,67727.3984375
2020-12-07,73500.0,71900.0,72400.0,72900.0,28490496.0,69053.515625
2020-12-08,72900.0,71600.0,72200.0,71700.0,25000338.0,67916.8359375
2020-12-09,73900.0,72000.0,72100.0,73900.0,24077996.0,70000.765625
2020-12-10,73800.0,72500.0,72700.0,72900.0,39882928.0,69053.515625
2020-12-11,73800.0,73100.0,73500.0,73400.0,18486672.0,69527.1484375
2020-12-14,74500.0,73200.0,73600.0,73800.0,21510415.0,69906.0390625
2020-12-15,74100.0,73300.0,73800.0,73800.0,20863671.0,69906.0390625
2020-12-16,74500.0,73400.0,74100.0,73800.0,17512081.0,69906.0390625
2020-12-17,73700.0,72600.0,73400.0,73300.0,24293214.0,69432.421875
2020-12-18,73700.0,73000.0,73300.0,73000.0,17613029.0,69148.2578125
2020-12-21,73400.0,72000.0,73100.0,73000.0,20367355.0,69148.2578125
2020-12-22,73200.0,72100.0,72500.0,72300.0,16304910.0,68485.1796875
2020-12-23,74000.0,72300.0,72400.0,73900.0,19411326.0,70000.765625
2020-12-24,78800.0,74000.0,74100.0,77800.0,32502870.0,73694.9765625
2020-12-28,80100.0,78200.0,79000.0,78700.0,40085044.0,74547.5
2020-12-29,78900.0,77300.0,78800.0,78300.0,30339449.0,76035.1875
2020-12-30,81300.0,77300.0,77400.0,81000.0,29417421.0,78657.09375
2021-01-04,84400.0,80200.0,81000.0,83000.0,38655276.0,80599.234375
2021-01-05,83900.0,81600.0,81600.0,83900.0,35335669.0,81473.1953125
2021-01-06,84500.0,82100.0,83300.0,82200.0,42089013.0,79822.3828125
2021-01-07,84200.0,82700.0,82800.0,82900.0,32644642.0,80502.1328125
2021-01-08,90000.0,83000.0,83300.0,88800.0,59013307.0,86231.4765625
2021-01-11,96800.0,89500.0,90000.0,91000.0,90306177.0,88367.8359375
2021-01-12,91400.0,87800.0,90300.0,90600.0,48682416.0,87979.4140625
2021-01-13,91200.0,89100.0,89800.0,89700.0,36068848.0,87105.4453125
2021-01-14,90000.0,88700.0,88700.0,89700.0,26393970.0,87105.4453125
2021-01-15,91800.0,88000.0,89800.0,88000.0,33431809.0,85454.6171875
2021-01-18,87300.0,84100.0,86600.0,85000.0,43227951.0,82541.3828125
2021-01-19,88000.0,83600.0,84500.0,87000.0,39895044.0,84483.5390625
2021-01-20,89000.0,86500.0,89000.0,87200.0,25211127.0,84677.7578125
2021-01-21,88600.0,86500.0,87500.0,88100.0,25318011.0,85551.7265625
2021-01-22,89700.0,86800.0,89000.0,86800.0,30861661.0,84289.3203125
2021-01-25,89900.0,86300.0,87000.0,89400.0,27258534.0,86814.1171875
2021-01-26,89200.0,86500.0,88800.0,86700.0,33178936.0,84192.21875
2021-01-27,87700.0,85600.0,86600.0,85600.0,26423070.0,83124.03125
2021-01-28,85600.0,83200.0,83200.0,83700.0,31859808.0,81278.9921875
2021-01-29,85000.0,82000.0,84500.0,82000.0,39615978.0,79628.15625
2021-02-01,83400.0,81000.0,81700.0,83000.0,28046832.0,80599.234375
2021-02-02,86400.0,83700.0,84100.0,84400.0,26302077.0,81958.734375
2021-02-03,85400.0,83400.0,84800.0,84600.0,22112205.0,82152.953125
2021-02-04,83800.0,82100.0,83500.0,82500.0,24171688.0,80113.6953125
2021-02-05,84000.0,82500.0,83100.0,83500.0,18036835.0,81084.7734375
2021-02-08,84200.0,83000.0,83800.0,83000.0,15338765.0,80599.234375
2021-02-09,84800.0,82700.0,84000.0,82700.0,20898332.0,80307.90625
2021-02-10,82600.0,81600.0,82600.0,81600.0,23025766.0,79239.7265625
2021-02-15,84500.0,83300.0,83800.0,84200.0,23529706.0,81764.5234375
2021-02-16,86000.0,84200.0,84500.0,84900.0,20483100.0,82444.28125
2021-02-17,84200.0,83000.0,83900.0,83200.0,18307735.0,80793.453125
2021-02-18,83600.0,82100.0,83200.0,82100.0,21327683.0,79725.2734375
2021-02-19,82800.0,81000.0,82300.0,82600.0,25880879.0,80210.8046875
2021-02-22,84200.0,82200.0,83800.0,82200.0,25419886.0,79822.3828125
2021-02-23,82900.0,81100.0,81200.0,82000.0,20587314.0,79628.15625
2021-02-24,83600.0,81300.0,81800.0,82000.0,26807651.0,79628.15625
2021-02-25,85400.0,83000.0,84000.0,85300.0,34155986.0,82832.71875
2021-02-26,83400.0,82000.0,82800.0,82500.0,38520800.0,80113.6953125
2021-03-02,85300.0,83000.0,85100.0,83600.0,33498180.0,81181.875
2021-03-03,84000.0,82800.0,83500.0,84000.0,19882132.0,81570.3125
2021-03-04,83200.0,82200.0,82600.0,82400.0,24348331.0,80016.5859375
2021-03-05,82600.0,81100.0,81100.0,82100.0,20508971.0,79725.2734375
2021-03-08,83000.0,81600.0,82900.0,82000.0,17641256.0,79628.15625
2021-03-09,81900.0,80600.0,81400.0,81400.0,25420764.0,79045.515625
2021-03-10,82500.0,80700.0,82400.0,80900.0,20038422.0,78559.96875
2021-03-11,82500.0,81000.0,81000.0,82000.0,23818297.0,79628.15625
2021-03-12,83500.0,82400.0,83100.0,82800.0,13530573.0,80405.0234375
2021-03-15,82900.0,81800.0,82800.0,81800.0,13735798.0,79433.9453125
2021-03-16,83000.0,82100.0,82200.0,82800.0,12293537.0,80405.0234375
2021-03-17,82900.0,82000.0,82800.0,82300.0,11625146.0,79919.484375
2021-03-18,83800.0,82600.0,82800.0,82900.0,18585244.0,80502.1328125
2021-03-19,82500.0,81800.0,82100.0,81900.0,15869700.0,79531.0546875
2021-03-22,82300.0,81700.0,82000.0,82000.0,12670506.0,79628.15625
2021-03-23,82900.0,81800.0,82600.0,81800.0,13299907.0,79433.9453125
2021-03-24,81600.0,80700.0,81000.0,81000.0,17926638.0,78657.09375
2021-03-25,82100.0,80800.0,81000.0,81200.0,14758826.0,78851.3046875
2021-03-26,81600.0,81000.0,81400.0,81500.0,12845778.0,79142.625
2021-03-29,81700.0,81000.0,81700.0,81600.0,14952134.0,79239.7265625
2021-03-30,82300.0,81300.0,81600.0,82200.0,13121698.0,80177.0859375
2021-03-31,82700.0,81400.0,82400.0,81400.0,17240518.0,79396.7734375
2021-04-01,83000.0,82000.0,82500.0,82900.0,18676461.0,80859.859375
2021-04-02,85200.0,83900.0,84000.0,84800.0,22997538.0,82713.1015625
2021-04-05,86000.0,84800.0,85800.0,85400.0,16255990.0,83298.328125
2021-04-06,86200.0,85100.0,86200.0,86000.0,19042023.0,83883.5703125
2021-04-07,86200.0,85400.0,86100.0,85600.0,17885538.0,83493.40625
2021-04-08,85700.0,84100.0,85700.0,84700.0,19244259.0,82615.5625
2021-04-09,84900.0,83400.0,84700.0,83600.0,18193707.0,81542.6328125
2021-04-12,84100.0,83100.0,84100.0,83200.0,12915282.0,81152.4765625
2021-04-13,84500.0,82800.0,83000.0,84000.0,15238206.0,81932.7890625
2021-04-14,84300.0,83400.0,84000.0,84000.0,13794652.0,81932.7890625
2021-04-15,84500.0,83400.0,83700.0,84100.0,16377412.0,82030.328125
2021-04-16,84700.0,83600.0,84700.0,83900.0,15429522.0,81835.25
2021-04-19,84000.0,83300.0,83800.0,83300.0,15287311.0,81250.0078125
2021-04-20,84000.0,83100.0,83300.0,83900.0,15521965.0,81835.25
2021-04-21,83500.0,82500.0,83300.0,82600.0,21636079.0,80567.234375
2021-04-22,83000.0,82400.0,82900.0,82400.0,13934746.0,80372.1640625
2021-04-23,82900.0,81600.0,81900.0,82800.0,17805080.0,80762.3046875
2021-04-26,83500.0,82600.0,82900.0,83500.0,15489938.0,81445.09375
2021-04-27,83300.0,82500.0,83200.0,82900.0,12941533.0,80859.859375
2021-04-28,83200.0,82100.0,83200.0,82100.0,15596759.0,80079.546875
2021-04-29,82500.0,81500.0,82400.0,81700.0,20000973.0,79689.3828125
2021-04-30,82100.0,81500.0,81900.0,81500.0,18673197.0,79494.3046875
2021-05-03,82400.0,81000.0,81000.0,81700.0,15710336.0,79689.3828125
2021-05-04,82600.0,81800.0,81900.0,82600.0,12532550.0,80567.234375
2021-05-06,82300.0,81700.0,81700.0,82300.0,17047511.0,80274.625
2021-05-07,82100.0,81500.0,81800.0,81900.0,14154882.0,79884.4765625
2021-05-10,83500.0,81800.0,82300.0,83200.0,19385027.0,81152.4765625
2021-05-11,82600.0,81100.0,82500.0,81200.0,28996680.0,79201.6953125
2021-05-12,81200.0,79800.0,80800.0,80000.0,35812268.0,78031.2265625
2021-05-13,79600.0,78400.0,78900.0,78500.0,31490096.0,76568.140625
2021-05-14,80300.0,78900.0,79000.0,80100.0,16450920.0,78128.765625
2021-05-17,80900.0,79200.0,80800.0,79600.0,17740855.0,77641.078125
2021-05-18,80000.0,79100.0,79600.0,79600.0,17494407.0,77641.078125
2021-05-20,79700.0,79100.0,79400.0,79500.0,16541828.0,77543.53125
2021-05-21,81500.0,79800.0,80100.0,80100.0,20961714.0,78128.765625
2021-05-24,80400.0,79500.0,80100.0,79700.0,13398666.0,77738.6015625
2021-05-25,80400.0,79800.0,80000.0,79900.0,13628942.0,77933.671875
2021-05-26,80500.0,79700.0,80400.0,79800.0,11984359.0,77836.1484375
2021-05-27,80000.0,79100.0,80000.0,79600.0,23198510.0,77641.078125
2021-05-28,80400.0,79400.0,79800.0,80100.0,12360199.0,78128.765625
2021-05-31,80600.0,79600.0,80300.0,80500.0,13321324.0,78518.921875
2021-06-01,81300.0,80100.0,80500.0,80600.0,14058401.0,78616.4609375
2021-06-02,81400.0,80300.0,80400.0,80800.0,16414644.0,78811.5390625
2021-06-03,83000.0,81100.0,81300.0,82800.0,29546007.0,80762.3046875
2021-06-04,82700.0,81500.0,82700.0,82200.0,18112259.0,80177.0859375
2021-06-07,82800.0,81600.0,82700.0,81900.0,16496197.0,79884.4765625
2021-06-08,82600.0,81800.0,82300.0,81900.0,12781226.0,79884.4765625
2021-06-09,82000.0,81100.0,81500.0,81100.0,14908823.0,79104.1484375
2021-06-10,81400.0,80900.0,81300.0,81000.0,17586995.0,79006.6171875
2021-06-11,81700.0,80700.0,81200.0,81000.0,14087962.0,79006.6171875
2021-06-14,80900.0,80500.0,80800.0,80500.0,10550078.0,78518.921875
2021-06-15,81200.0,80600.0,80900.0,80900.0,10075685.0,78909.078125
2021-06-16,81900.0,81100.0,81500.0,81800.0,14999855.0,79786.9296875
2021-06-17,81300.0,80700.0,81100.0,80900.0,14007385.0,78909.078125
2021-06-18,81100.0,80500.0,81100.0,80500.0,14916721.0,78518.921875
2021-06-21,80000.0,79600.0,79700.0,79900.0,16063340.0,77933.671875
2021-06-22,80300.0,79900.0,80200.0,80000.0,11773365.0,78031.2265625
2021-06-23,80600.0,79900.0,80500.0,80100.0,13856548.0,78128.765625
2021-06-24,81400.0,80100.0,80400.0,81200.0,18771080.0,79201.6953125
2021-06-25,81900.0,81200.0,81500.0,81600.0,13481405.0,79591.84375
2021-06-28,82000.0,81600.0,81700.0,81900.0,11578529.0,79884.4765625
2021-06-29,82100.0,80800.0,81900.0,81000.0,15744317.0,79356.40625
2021-06-30,81400.0,80700.0,81100.0,80700.0,13288643.0,79062.4921875
2021-07-01,80600.0,80000.0,80500.0,80100.0,13382882.0,78474.671875
2021-07-02,80400.0,79900.0,80000.0,80000.0,8753097.0,78376.6953125
2021-07-05,80800.0,80000.0,80100.0,80400.0,8330969.0,78768.5859375
2021-07-06,81200.0,80500.0,80600.0,81200.0,12131651.0,79552.3515625
2021-07-07,81300.0,80300.0,81200.0,80800.0,15992202.0,79160.453125
2021-07-08,81200.0,79900.0,81100.0,79900.0,16660998.0,78278.7265625
2021-07-09,79800.0,79000.0,79600.0,79400.0,22720577.0,77788.8671875
2021-07-12,80000.0,79500.0,79900.0,79700.0,9768108.0,78082.78125
2021-07-13,80200.0,79800.0,80000.0,79800.0,9863450.0,78180.75
2021-07-14,79600.0,79100.0,79400.0,79500.0,11575636.0,77886.84375
2021-07-15,80600.0,79500.0,79800.0,80600.0,13766279.0,78964.515625
2021-07-16,80100.0,79500.0,80100.0,79800.0,10859399.0,78180.75
2021-07-19,79200.0,78800.0,79100.0,79000.0,13155414.0,77396.9921875
2021-07-20,79000.0,78400.0,78500.0,79000.0,12456646.0,77396.9921875
2021-07-21,79100.0,78500.0,79000.0,78500.0,12355296.0,76907.140625
2021-07-22,79800.0,78900.0,79000.0,79700.0,12618790.0,78082.78125
2021-07-23,79900.0,79200.0,79700.0,79300.0,9098910.0,77690.8984375
2021-07-26,79500.0,78800.0,79400.0,78800.0,10040975.0,77201.0390625
2021-07-27,79400.0,78500.0,79200.0,78500.0,11427693.0,76907.140625
2021-07-28,79200.0,78100.0,78300.0,79200.0,12743417.0,77592.921875
2021-07-29,79400.0,78800.0,78800.0,79000.0,14360453.0,77396.9921875
2021-07-30,78900.0,78500.0,78900.0,78500.0,13823411.0,76907.140625
2021-08-02,79500.0,78700.0,79200.0,79300.0,11739124.0,77690.8984375
2021-08-03,81400.0,79300.0,79400.0,81400.0,24339360.0,79748.28125
2021-08-04,83100.0,81800.0,82200.0,82900.0,25642368.0,81217.8515625
2021-08-05,83300.0,82000.0,83300.0,82100.0,18485469.0,80434.0859375
2021-08-06,82500.0,81300.0,81900.0,81500.0,13342623.0,79846.2578125
2021-08-09,82300.0,80900.0,81500.0,81500.0,15522581.0,79846.2578125
2021-08-10,82400.0,80100.0,82300.0,80200.0,20362639.0,78572.640625
2021-08-11,79800.0,78500.0,79600.0,78500.0,30241137.0,76907.140625
2021-08-12,78200.0,76900.0,77100.0,77000.0,42365223.0,75437.5625
2021-08-13,76000.0,74100.0,75800.0,74400.0,61270643.0,72890.328125
2021-08-17,75100.0,74000.0,74000.0,74200.0,30944847.0,72694.390625
2021-08-18,74600.0,73100.0,73900.0,73900.0,29192631.0,72400.4765625
2021-08-19,74400.0,73100.0,73500.0,73100.0,22166298.0,71616.703125
2021-08-20,73900.0,72500.0,73500.0,72700.0,22364803.0,71224.8203125
2021-08-23,74000.0,73000.0,73300.0,73300.0,19384648.0,71812.65625
2021-08-24,75700.0,73900.0,73900.0,75600.0,21016913.0,74065.9765625
2021-08-25,76600.0,74900.0,76200.0,75700.0,22319664.0,74163.9453125
2021-08-26,76200.0,74600.0,76100.0,74600.0,16671494.0,73086.2578125
2021-08-27,75000.0,73800.0,74300.0,74300.0,15172748.0,72792.3515625
2021-08-30,75500.0,74200.0,75400.0,74600.0,12686999.0,73086.2578125
2021-08-31,76700.0,74300.0,74900.0,76700.0,24630370.0,75143.65625
2021-09-01,77100.0,75900.0,76700.0,76800.0,16114775.0,75241.625
2021-09-02,76800.0,75700.0,76800.0,76000.0,15347486.0,74457.8671875
2021-09-03,76700.0,76000.0,76400.0,76600.0,12096419.0,75045.6953125
2021-09-06,77600.0,76600.0,76800.0,77300.0,12861180.0,75731.4765625
2021-09-07,77100.0,75900.0,77100.0,76100.0,13239401.0,74555.828125
2021-09-08,76400.0,75600.0,76000.0,76300.0,11798147.0,74751.7734375
2021-09-09,76600.0,75000.0,76400.0,75300.0,17600770.0,73772.0625
2021-09-10,75600.0,74800.0,75300.0,75300.0,10103212.0,73772.0625
2021-09-13,76300.0,75100.0,75200.0,76300.0,11397775.0,74751.7734375
2021-09-14,77700.0,76600.0,77100.0,76600.0,18167057.0,75045.6953125
2021-09-15,77400.0,76400.0,77400.0,77000.0,12829128.0,75437.5625
2021-09-16,77400.0,76100.0,77300.0,76100.0,13067622.0,74555.828125
2021-09-17,77200.0,75900.0,76300.0,77200.0,16289502.0,75633.5078125
2021-09-23,77600.0,76800.0,77500.0,77400.0,17055590.0,75829.453125
2021-09-24,77700.0,77100.0,77600.0,77300.0,12247274.0,75731.4765625
2021-09-27,77700.0,77000.0,77300.0,77700.0,11699798.0,76123.3671875
2021-09-28,77800.0,76200.0,77700.0,76300.0,15406382.0,74751.7734375
2021-09-29,75300.0,73800.0,74800.0,74100.0,23992458.0,72941.515625
2021-09-30,74800.0,73700.0,74300.0,74100.0,19919361.0,72941.515625
2021-10-01,74000.0,72900.0,73900.0,73200.0,15803395.0,72055.59375
2021-10-05,73000.0,71400.0,73000.0,72200.0,24013921.0,71071.21875
2021-10-06,72800.0,71200.0,72600.0,71300.0,18956962.0,70185.296875
2021-10-07,72100.0,71300.0,71600.0,71600.0,13683532.0,70480.609375
2021-10-08,72400.0,71500.0,72300.0,71500.0,14043287.0,70382.1640625
2021-10-12,70900.0,68700.0,70700.0,69000.0,31001484.0,67921.2578125
2021-10-13,69600.0,68300.0,68700.0,68800.0,24172015.0,67724.3828125
2021-10-14,69800.0,68800.0,69000.0,69400.0,19520641.0,68315.0
2021-10-15,71000.0,70000.0,70200.0,70100.0,18051612.0,69004.0546875
2021-10-18,70300.0,69200.0,70200.0,70200.0,13486391.0,69102.4921875
2021-10-19,71000.0,70400.0,70800.0,70600.0,9507991.0,69496.2421875
2021-10-20,71000.0,70200.0,70700.0,70300.0,10151638.0,69200.9296875
2021-10-21,70600.0,70000.0,70300.0,70200.0,10891094.0,69102.4921875
2021-10-22,70700.0,70000.0,70000.0,70400.0,8395448.0,69299.3671875
2021-10-25,70600.0,69500.0,69900.0,70200.0,10029621.0,69102.4921875
2021-10-26,71500.0,70400.0,70600.0,71100.0,10528252.0,69988.421875
2021-10-27,71000.0,70000.0,71000.0,70100.0,10295316.0,69004.0546875
2021-10-28,72200.0,69500.0,69500.0,70700.0,20644902.0,69594.6796875
2021-10-29,71600.0,69700.0,71200.0,69800.0,17016151.0,68708.75
2021-11-01,70600.0,69900.0,70200.0,69900.0,11503729.0,68807.1875
2021-11-02,72200.0,70700.0,70800.0,71500.0,16812570.0,70382.1640625
2021-11-03,71700.0,70100.0,71700.0,70400.0,12770428.0,69299.3671875
2021-11-04,71600.0,70500.0,71200.0,70600.0,11818987.0,69496.2421875
2021-11-05,71600.0,70200.0,71600.0,70200.0,12667743.0,69102.4921875
2021-11-08,70600.0,69800.0,70400.0,70600.0,11121981.0,69496.2421875
2021-11-09,71000.0,70100.0,70300.0,70500.0,11159589.0,69397.8046875
2021-11-10,70900.0,70200.0,70300.0,70200.0,9422009.0,69102.4921875
2021-11-11,70000.0,69600.0,69900.0,69900.0,11489122.0,68807.1875
2021-11-12,70900.0,69900.0,70200.0,70600.0,10087450.0,69496.2421875
2021-11-15,71900.0,70900.0,71700.0,71400.0,12420710.0,70283.734375
2021-11-16,72000.0,71300.0,71500.0,71300.0,10919239.0,70185.296875
2021-11-17,71600.0,70600.0,71300.0,70700.0,11027606.0,69594.6796875
2021-11-18,71000.0,70200.0,70700.0,70200.0,10144957.0,69102.4921875
2021-11-19,71400.0,70100.0,70400.0,71200.0,11954728.0,70086.859375
2021-11-22,75200.0,73000.0,73300.0,74900.0,27506623.0,73729.015625
2021-11-23,76000.0,74500.0,76000.0,75300.0,22029195.0,74122.7578125
2021-11-24,76200.0,74100.0,76000.0,74800.0,15652305.0,73630.578125
2021-11-25,75100.0,73600.0,75100.0,73700.0,12559258.0,72547.78125
2021-11-26,74100.0,72000.0,73500.0,72300.0,13002242.0,71169.6640625
2021-11-29,73000.0,71400.0,71700.0,72300.0,16682559.0,71169.6640625
2021-11-30,73900.0,70500.0,73200.0,71300.0,30364841.0,70185.296875
2021-12-01,74800.0,71600.0,72000.0,74400.0,21954856.0,73236.828125
2021-12-02,75800.0,73800.0,73900.0,75800.0,23652940.0,74614.9453125
2021-12-03,76000.0,74100.0,75600.0,75600.0,18330240.0,74418.078125
2021-12-06,76700.0,74900.0,75100.0,76300.0,16391250.0,75107.125
2021-12-07,77700.0,75600.0,76100.0,77400.0,19232453.0,76189.921875
2021-12-08,78600.0,77100.0,78300.0,77400.0,21558340.0,76189.921875
2021-12-09,78200.0,77000.0,77400.0,78200.0,21604528.0,76977.421875
2021-12-10,77600.0,76800.0,77400.0,76900.0,9155219.0,75697.7421875
2021-12-13,78300.0,76500.0,77200.0,76800.0,15038750.0,75599.3125
2021-12-14,77200.0,76200.0,76500.0,77000.0,10976660.0,75796.1796875
2021-12-15,77600.0,76300.0,76400.0,77600.0,9584939.0,76386.8046875
2021-12-16,78500.0,77400.0,78500.0,77800.0,11996128.0,76583.6796875
2021-12-17,78000.0,76800.0,76800.0,78000.0,13108479.0,76780.5546875
2021-12-20,77800.0,76800.0,77600.0,77100.0,11264375.0,75894.625
2021-12-21,78300.0,77500.0,77900.0,78100.0,14245298.0,76878.984375
2021-12-22,79400.0,78800.0,78900.0,79400.0,17105892.0,78158.65625
2021-12-23,80000.0,79300.0,79800.0,79900.0,13577498.0,78650.8515625
2021-12-24,80800.0,80200.0,80200.0,80500.0,12086380.0,79241.4609375
2021-12-27,80600.0,79800.0,80600.0,80200.0,10783368.0,78946.1484375
2021-12-28,80400.0,79700.0,80200.0,80300.0,18226325.0,79044.5859375
2021-12-29,80200.0,78500.0,80200.0,78800.0,19794795.0,77918.328125
2021-12-30,79500.0,78100.0,78900.0,78300.0,14236700.0,77423.9296875
2022-01-04,79200.0,78300.0,78800.0,78700.0,12427416.0,77819.453125
2022-01-05,79000.0,76400.0,78800.0,77400.0,25470640.0,76533.9921875
2022-01-06,77600.0,76600.0,76700.0,76900.0,12931954.0,76039.5859375
2022-01-07,78400.0,77400.0,78100.0,78300.0,15163757.0,77423.9296875
2022-01-10,78100.0,77100.0,78100.0,78000.0,9947422.0,77127.2890625
2022-01-11,79000.0,78000.0,78400.0,78900.0,13221123.0,78017.2109375
2022-01-12,79600.0,78600.0,79500.0,78900.0,11000502.0,78017.2109375
2022-01-13,79300.0,77900.0,79300.0,77900.0,13889401.0,77028.3984375
2022-01-14,78100.0,77100.0,77700.0,77300.0,10096725.0,76435.1171875
2022-01-17,77800.0,76900.0,77600.0,77500.0,8785122.0,76632.8828125
2022-01-18,77800.0,76600.0,77600.0,77000.0,9592788.0,76138.46875
2022-01-19,76900.0,76100.0,76500.0,76300.0,10598290.0,75446.3046875
2022-01-20,76700.0,75900.0,76200.0,76500.0,9708168.0,75644.0625
2022-01-21,75800.0,74700.0,75800.0,75600.0,15774888.0,74754.140625
2022-01-24,75800.0,74700.0,75400.0,75100.0,13691134.0,74259.734375
2022-01-25,75000.0,73200.0,74800.0,74000.0,17766704.0,73172.0390625
2022-01-26,74000.0,74000.0,74000.0,74000.0,0.0,73172.0390625
2022-01-27,74000.0,71300.0,73800.0,71300.0,22274777.0,70502.25
2022-01-28,73700.0,71200.0,71300.0,73300.0,21367447.0,72479.875
2022-02-03,74900.0,73300.0,74900.0,73300.0,17744721.0,72479.875
2022-02-04,74600.0,73400.0,74300.0,74000.0,12730034.0,73172.0390625
2022-02-07,73600.0,72400.0,73500.0,73000.0,14240838.0,72183.2265625
2022-02-08,73000.0,73000.0,73000.0,73000.0,0.0,72183.2265625
2022-02-09,73000.0,73000.0,73000.0,73000.0,0.0,72183.2265625
2022-02-10,75800.0,74700.0,75600.0,75400.0,17746033.0,74556.375
2022-02-11,75500.0,74600.0,75000.0,74900.0,12205407.0,74061.96875
2022-02-14,74500.0,73100.0,74400.0,73700.0,13993255.0,72875.3984375
2022-02-15,74200.0,73100.0,74100.0,73700.0,9320365.0,72875.3984375
2022-02-16,74900.0,74200.0,74600.0,74800.0,10767386.0,73963.0859375
2022-02-17,75600.0,74500.0,75000.0,75000.0,13605382.0,74160.8515625
2022-02-18,74800.0,73700.0,74600.0,74300.0,10122226.0,73468.6796875
2022-02-21,74300.0,74300.0,74300.0,74300.0,0.0,73468.6796875
2022-02-22,74300.0,74300.0,74300.0,74300.0,0.0,73468.6796875
2022-02-23,74300.0,74300.0,74300.0,74300.0,0.0,73468.6796875
2022-02-24,72300.0,71300.0,72300.0,71500.0,15759283.0,70700.0078125
2022-02-25,72600.0,71900.0,72100.0,71900.0,13168484.0,71095.5390625
2022-02-28,71900.0,71900.0,71900.0,71900.0,0.0,71095.5390625
2022-03-02,72400.0,71500.0,72300.0,71700.0,12481430.0,70897.765625
2022-03-03,73100.0,72200.0,72300.0,72900.0,13232638.0,72084.34375
2022-03-04,72900.0,72900.0,72900.0,72900.0,0.0,72084.34375
2022-03-07,70600.0,69900.0,70000.0,70100.0,18617138.0,69315.671875
2022-03-08,70000.0,68700.0,68800.0,69500.0,15828269.0,68722.390625
2022-03-10,69500.0,69500.0,69500.0,69500.0,0.0,68722.390625
2022-03-11,70700.0,69700.0,70500.0,70000.0,15787655.0,69216.796875
2022-03-14,70200.0,69600.0,70000.0,70200.0,9040993.0,69414.5546875
2022-03-15,70200.0,70200.0,70200.0,70200.0,0.0,69414.5546875
2022-03-16,70500.0,69700.0,70200.0,70400.0,10175750.0,69612.3203125
2022-03-17,70400.0,70400.0,70400.0,70400.0,0.0,69612.3203125
2022-03-18,70900.0,70200.0,70600.0,70700.0,14410038.0,69908.9609375
2022-03-21,71000.0,69900.0,70900.0,69900.0,11169002.0,69117.9140625
2022-03-22,70500.0,69900.0,69900.0,70300.0,9402666.0,69513.4375
2022-03-23,71200.0,70300.0,70600.0,70500.0,12398025.0,69711.203125
2022-03-24,70300.0,69600.0,69600.0,69800.0,37943357.0,69019.03125
2022-03-25,70200.0,69600.0,70100.0,69800.0,12986010.0,69019.03125
2022-03-28,69900.0,69200.0,69500.0,69700.0,12619289.0,68920.1484375
2022-03-29,70300.0,69800.0,70000.0,70200.0,13686208.0,69414.5546875
2022-03-30,70500.0,69800.0,70300.0,69900.0,12670187.0,69475.1875
2022-03-31,70200.0,69600.0,69900.0,69600.0,12510366.0,69177.0078125
2022-04-01,69500.0,69000.0,69500.0,69100.0,15916846.0,68680.046875
2022-04-04,69300.0,68600.0,68900.0,69300.0,11107905.0,68878.828125
2022-04-05,69600.0,69100.0,69400.0,69200.0,8467248.0,68779.4375
2022-04-06,68800.0,68500.0,68600.0,68500.0,15517308.0,68083.6953125
2022-04-07,68500.0,68000.0,68500.0,68000.0,20683327.0,67586.734375
2022-04-08,68300.0,67700.0,68100.0,67800.0,15453191.0,67387.9453125
2022-04-11,68100.0,67400.0,67800.0,67900.0,12263735.0,67487.34375
2022-04-12,67700.0,67000.0,67600.0,67000.0,13924389.0,66592.8125
2022-04-13,69000.0,67200.0,67300.0,68700.0,17378619.0,68282.4765625
2022-04-14,68700.0,67500.0,68700.0,67500.0,16409494.0,67089.7734375
2022-04-15,67300.0,66500.0,67200.0,66600.0,13176415.0,66195.2421875
2022-04-18,67100.0,66100.0,66500.0,66700.0,10119203.0,66294.6328125
2022-04-19,68000.0,67000.0,67100.0,67300.0,12959434.0,66890.984375
2022-04-20,67400.0,66500.0,67000.0,67400.0,16693293.0,66990.375
2022-04-21,68300.0,67500.0,67600.0,67700.0,12847448.0,67288.5546875
2022-04-22,67300.0,66700.0,67200.0,67000.0,11791478.0,66592.8125
2022-04-25,66700.0,66300.0,66500.0,66300.0,11016474.0,65897.0625
2022-04-26,66700.0,66100.0,66400.0,66100.0,12946923.0,65698.28125
2022-04-27,65500.0,64900.0,65400.0,65000.0,18122084.0,64604.96484375
2022-04-28,65500.0,64500.0,65400.0,64800.0,16895527.0,64406.1796875
2022-04-29,67600.0,65000.0,65100.0,67400.0,26190390.0,66990.375
2022-05-02,67600.0,66500.0,66600.0,67300.0,14106184.0,66890.984375
2022-05-03,68400.0,67300.0,67400.0,67500.0,14168875.0,67089.7734375
2022-05-04,68400.0,67500.0,68000.0,67900.0,11505248.0,67487.34375
2022-05-06,67100.0,66500.0,67000.0,66500.0,14356156.0,66095.8515625
2022-05-10,66300.0,65300.0,65900.0,65700.0,17235605.0,65300.7109375
2022-05-11,66300.0,65200.0,65500.0,65700.0,12330920.0,65300.7109375
2022-05-12,65500.0,64900.0,65200.0,64900.0,16414188.0,64505.57421875
2022-05-13,66700.0,65200.0,65300.0,66500.0,14551536.0,66095.8515625
2022-05-16,67400.0,66100.0,67100.0,66300.0,11937555.0,65897.0625
2022-05-17,67900.0,66600.0,66600.0,67600.0,15680447.0,67189.1640625
2022-05-18,68700.0,67600.0,68300.0,68100.0,16486319.0,67686.125
2022-05-19,67600.0,66500.0,66500.0,67500.0,17073727.0,67089.7734375
2022-05-20,68400.0,67700.0,67800.0,68000.0,12109671.0,67586.734375
2022-05-23,68800.0,67600.0,68800.0,67900.0,13684088.0,67487.34375
2022-05-24,67700.0,66500.0,67500.0,66500.0,15482576.0,66095.8515625
2022-05-25,67100.0,65900.0,66700.0,66400.0,15150490.0,65996.453125
2022-05-26,67200.0,65500.0,66300.0,65900.0,15970890.0,65499.49609375
2022-05-27,66900.0,66200.0,66700.0,66500.0,11405555.0,66095.8515625
2022-05-30,67800.0,66900.0,67500.0,67700.0,14255484.0,67288.5546875
2022-05-31,67500.0,66700.0,67500.0,67400.0,24365002.0,66990.375
2022-06-02,67000.0,66400.0,66600.0,66700.0,14959443.0,66294.6328125
2022-06-03,67300.0,66800.0,67200.0,66800.0,8222883.0,66394.0234375
2022-06-07,66400.0,65400.0,66200.0,65500.0,19355755.0,65101.92578125
2022-06-08,65700.0,65300.0,65400.0,65300.0,12483180.0,64903.140625
2022-06-09,65200.0,64500.0,65100.0,65200.0,25790725.0,64803.75
2022-06-10,64400.0,63800.0,64000.0,63800.0,22193552.0,63412.2578125
2022-06-13,62800.0,62100.0,62400.0,62100.0,22157816.0,61722.58984375
2022-06-14,62200.0,61100.0,61200.0,61900.0,24606419.0,61523.8046875
2022-06-15,61500.0,60200.0,61300.0,60700.0,26811224.0,60331.09765625
2022-06-16,61800.0,60500.0,61300.0,60900.0,23394895.0,60529.8828125
2022-06-17,59900.0,59400.0,59400.0,59800.0,29053450.0,59436.56640625
2022-06-20,59900.0,58100.0,59800.0,58700.0,34111306.0,58343.25390625
2022-06-21,59200.0,58200.0,58700.0,58500.0,25148109.0,58144.46875
2022-06-22,59100.0,57600.0,59000.0,57600.0,23334687.0,57249.9375
2022-06-23,58000.0,56800.0,57700.0,57400.0,28338608.0,57051.15234375
2022-06-24,59100.0,57700.0,57900.0,58400.0,23256103.0,58045.07421875
2022-06-27,59900.0,58300.0,59000.0,58800.0,18122236.0,58442.64453125
2022-06-28,59500.0,58700.0,59200.0,59400.0,13540538.0,59039.0
2022-06-29,58800.0,58000.0,58500.0,58000.0,14677138.0,58000.0
2022-06-30,57600.0,57000.0,57200.0,57000.0,18915142.0,57000.0
2022-07-01,57500.0,55900.0,56900.0,56200.0,24982097.0,56200.0
2022-07-04,57400.0,55700.0,56100.0,57100.0,17807126.0,57100.0
2022-07-05,58200.0,57200.0,57600.0,57200.0,14216539.0,57200.0
2022-07-06,57300.0,56400.0,57300.0,56400.0,16820461.0,56400.0
2022-07-07,58700.0,56300.0,56400.0,58200.0,21322833.0,58200.0
2022-07-08,59300.0,58200.0,58600.0,58700.0,15339271.0,58700.0
2022-07-11,59600.0,58700.0,59300.0,58800.0,13042624.0,58800.0
2022-07-12,58700.0,58100.0,58600.0,58100.0,9336061.0,58100.0
2022-07-13,58600.0,58000.0,58300.0,58000.0,10841315.0,58000.0
2022-07-14,58200.0,57400.0,57500.0,57500.0,15067012.0,57500.0
2022-07-15,60000.0,58100.0,58400.0,60000.0,18685583.0,60000.0
2022-07-18,62000.0,60500.0,60600.0,61900.0,20832517.0,61900.0
2022-07-19,61500.0,60200.0,61400.0,60900.0,15248261.0,60900.0
2022-07-20,62100.0,60500.0,61800.0,60500.0,16782238.0,60500.0
2022-07-21,61900.0,60700.0,61100.0,61800.0,12291374.0,61800.0
2022-07-22,62200.0,61200.0,61800.0,61300.0,10261310.0,61300.0
2022-07-25,61900.0,60800.0,60900.0,61100.0,9193681.0,61100.0
2022-07-26,61900.0,60800.0,60800.0,61700.0,6597211.0,61700.0
2022-07-27,61900.0,61200.0,61300.0,61800.0,7320997.0,61800.0
2022-07-28,62600.0,61600.0,62300.0,61900.0,10745302.0,61900.0
2022-07-29,62600.0,61300.0,62400.0,61400.0,15093120.0,61400.0
2022-08-01,61700.0,60300.0,61000.0,61300.0,13154816.0,61300.0
2022-08-02,61900.0,61000.0,61200.0,61700.0,13614895.0,61700.0
2022-08-03,61600.0,61000.0,61600.0,61300.0,10053861.0,61300.0
2022-08-04,61800.0,61200.0,61700.0,61500.0,9125439.0,61500.0
2022-08-05,61900.0,61200.0,61700.0,61500.0,9567620.0,61500.0
2022-08-08,61400.0,60600.0,61400.0,60800.0,11313150.0,60800.0
2022-08-09,60700.0,59600.0,60600.0,60000.0,18251170.0,60000.0
2022-08-10,59200.0,58600.0,58900.0,59100.0,18084349.0,59100.0
2022-08-11,60000.0,59300.0,59600.0,59900.0,15141941.0,59900.0
2022-08-12,60700.0,59400.0,59500.0,60200.0,10786658.0,60200.0
2022-08-16,61600.0,60300.0,60500.0,61000.0,15036727.0,61000.0
2022-08-17,61200.0,60300.0,61100.0,60400.0,9061518.0,60400.0
2022-08-18,61900.0,60000.0,60300.0,61500.0,16372754.0,61500.0
2022-08-19,61600.0,60600.0,61400.0,60900.0,6923679.0,60900.0
2022-08-22,60400.0,59800.0,60300.0,60000.0,8259865.0,60000.0
2022-08-23,59600.0,59000.0,59000.0,59100.0,9041629.0,59100.0
2022-08-24,59500.0,59000.0,59200.0,59000.0,8888486.0,59000.0
2022-08-25,59700.0,59000.0,59200.0,59700.0,5767902.0,59700.0
2022-08-26,60900.0,59900.0,60300.0,60000.0,9499995.0,60000.0
2022-08-29,58900.0,58600.0,58700.0,58600.0,9841329.0,58600.0
2022-08-30,59000.0,58300.0,58700.0,58800.0,9690044.0,58800.0
2022-08-31,59900.0,58200.0,58200.0,59700.0,14203512.0,59700.0
2022-09-01,58900.0,58300.0,58700.0,58400.0,14905777.0,58400.0
2022-09-02,58600.0,57500.0,58300.0,57500.0,15040310.0,57500.0
